participant_id,task_key,scenario,draft_to_control,edited_to_control,change_after_editing
03acc614-1708-42a6-b142-9ef7a0f0ce4e,0,thank,0.8176418248487786,0.8074461802148439,-0.01019564463393463
03acc614-1708-42a6-b142-9ef7a0f0ce4e,1,wedding,0.815630835864491,0.8151807400553255,-0.0004500958091655516
03acc614-1708-42a6-b142-9ef7a0f0ce4e,2,apology,0.7899196998751662,0.8058847396624621,0.01596503978729591
03acc614-1708-42a6-b142-9ef7a0f0ce4e,3,letter,0.7892012473284803,0.7949258366793156,0.005724589350835307
06285a67-fbc5-4673-9f1b-3e20aff3562f,0,wedding,0.8039051766579114,0.8194912822609949,0.015586105603083489
06285a67-fbc5-4673-9f1b-3e20aff3562f,1,speech,0.817323158348563,0.8343853690049464,0.01706221065638347
06285a67-fbc5-4673-9f1b-3e20aff3562f,2,condolence,0.8557197614013756,0.8558902477762959,0.00017048637492023122
06285a67-fbc5-4673-9f1b-3e20aff3562f,3,eulogy,0.8131313112312045,0.8131313112312045,0.0
0a303467-79b1-4641-9591-8c3a36f50413,2,reassurance,0.7671334488886402,0.7671334488886402,0.0
0a303467-79b1-4641-9591-8c3a36f50413,3,wedding,0.84314358139639,0.84314358139639,0.0
0a303467-79b1-4641-9591-8c3a36f50413,4,thank,0.826333015076351,0.8655536925978023,0.03922067752145131
0a303467-79b1-4641-9591-8c3a36f50413,5,speech,0.8169415605211661,0.8198640649290302,0.002922504407864124
0c529ac4-63ef-47e4-a8be-91a12f63242d,2,speech,0.7618253726741369,0.7738087017984022,0.011983329124265363
0c529ac4-63ef-47e4-a8be-91a12f63242d,3,condolence,0.8308431244142087,0.8331129011884083,0.0022697767741995944
0c529ac4-63ef-47e4-a8be-91a12f63242d,4,reassurance,0.7736120054290248,0.777382229770847,0.0037702243418222814
0c529ac4-63ef-47e4-a8be-91a12f63242d,5,apology,0.8341093654787506,0.8341093654787506,0.0
0d91417f-a097-424f-bf12-77b98654c26c,2,letter,0.7264139878694725,0.7415614220517,0.015147434182227415
0d91417f-a097-424f-bf12-77b98654c26c,3,wedding,0.8063295540611248,0.8211322637169637,0.014802709655838853
0d91417f-a097-424f-bf12-77b98654c26c,4,apology,0.7661837688414983,0.7754912968570709,0.009307528015572553
0d91417f-a097-424f-bf12-77b98654c26c,5,reassurance,0.7850777479750762,0.7850777479750762,0.0
0e4ed97b-533a-4c35-9268-2610361186c3,0,speech,0.8380052981271084,0.8347024374761437,-0.003302860650964745
0e4ed97b-533a-4c35-9268-2610361186c3,1,apology,0.8239938822004639,0.8168564780849136,-0.007137404115550305
0e4ed97b-533a-4c35-9268-2610361186c3,2,letter,0.7678090464932102,0.7653848762878884,-0.0024241702053218184
0e4ed97b-533a-4c35-9268-2610361186c3,3,wedding,0.8245451407480174,0.8264275976348576,0.0018824568868401892
1460c925-65dc-4f85-9bee-a3029020dd78,2,condolence,0.8210923155067605,0.8334186935525775,0.012326378045816933
1460c925-65dc-4f85-9bee-a3029020dd78,3,wedding,0.7909358535158035,0.8043360769083765,0.013400223392572963
1460c925-65dc-4f85-9bee-a3029020dd78,4,speech,0.7743983015835066,0.8569580327775971,0.08255973119409044
1460c925-65dc-4f85-9bee-a3029020dd78,5,thank,0.8148022071842609,0.8788858186477779,0.06408361146351704
16e11b3b-7143-40ed-ba2c-c94e96d5be86,0,wedding,0.7337322050403836,0.7556789377509049,0.021946732710521277
16e11b3b-7143-40ed-ba2c-c94e96d5be86,1,speech,0.7373548525559457,0.7573807526940702,0.020025900138124553
16e11b3b-7143-40ed-ba2c-c94e96d5be86,2,condolence,0.7399182416435492,0.7399182416435492,0.0
16e11b3b-7143-40ed-ba2c-c94e96d5be86,3,letter,0.7113354054097574,0.7370140696427528,0.025678664232995474
1a25aba9-d542-49a4-94df-900c081551b6,2,speech,0.8383812218534915,0.847227882953369,0.008846661099877529
1a25aba9-d542-49a4-94df-900c081551b6,3,wedding,0.8421572128231644,0.877530002941304,0.03537279011813965
1a25aba9-d542-49a4-94df-900c081551b6,4,condolence,0.8364811909352156,0.8380695468107834,0.0015883558755678262
1a25aba9-d542-49a4-94df-900c081551b6,5,letter,0.8219080763832529,0.8382956755049424,0.016387599121689522
1a6bc3bd-868e-47cf-970d-67cf7d516465,0,wedding,0.8165496809759313,0.8229725960341745,0.006422915058243217
1a6bc3bd-868e-47cf-970d-67cf7d516465,1,speech,0.7852989918485235,0.7994466238642727,0.0141476320157492
1a6bc3bd-868e-47cf-970d-67cf7d516465,2,condolence,0.8538372384607222,0.8464580253754113,-0.007379213085310976
1a6bc3bd-868e-47cf-970d-67cf7d516465,3,letter,0.7675650477752386,0.7773855508478364,0.009820503072597853
1b97dea3-013d-476c-96a6-49d2960c7c99,2,thank,0.7774738194071921,0.7895790687157564,0.01210524930856438
1b97dea3-013d-476c-96a6-49d2960c7c99,3,reassurance,0.7556189888530698,0.7556189888530698,0.0
1b97dea3-013d-476c-96a6-49d2960c7c99,4,speech,0.809505940383791,0.809505940383791,0.0
1b97dea3-013d-476c-96a6-49d2960c7c99,5,apology,0.7688476923276976,0.7867631903174906,0.017915497989793083
1f506d3f-b34d-4657-9820-ef232904554d,2,reassurance,0.8201016763941843,0.8162239655700494,-0.0038777108241349056
1f506d3f-b34d-4657-9820-ef232904554d,3,thank,0.8683001276176369,0.8691254544876555,0.0008253268700186833
1f506d3f-b34d-4657-9820-ef232904554d,4,letter,0.7865646051218723,0.8208708712007132,0.03430626607884091
1f506d3f-b34d-4657-9820-ef232904554d,5,wedding,0.868541554713731,0.8895972361742228,0.02105568146049186
21d20b0e-b89e-42a8-b0bb-cb8b2d2e35df,0,condolence,0.9274454893990532,0.9342937847423275,0.006848295343274247
21d20b0e-b89e-42a8-b0bb-cb8b2d2e35df,1,apology,0.8316220703371205,0.850274240032377,0.018652169695256404
21d20b0e-b89e-42a8-b0bb-cb8b2d2e35df,2,wedding,0.8815788461740699,0.8933280326363855,0.011749186462315597
21d20b0e-b89e-42a8-b0bb-cb8b2d2e35df,3,speech,0.8884054218214614,0.8833770055526,-0.005028416268861413
28bc03dc-f524-4a10-b9aa-4368bd13df42,2,wedding,0.786390326634737,0.7870213638181282,0.0006310371833911921
28bc03dc-f524-4a10-b9aa-4368bd13df42,3,thank,0.7582426838496352,0.7969207147871535,0.038678030937518315
28bc03dc-f524-4a10-b9aa-4368bd13df42,4,letter,0.7372929759586313,0.7372929759586313,0.0
28bc03dc-f524-4a10-b9aa-4368bd13df42,5,speech,0.7746136402907967,0.7746136402907967,0.0
2af273f2-bea4-4638-9cd7-4a8d3a0b8f26,0,reassurance,0.8138585493074173,0.833722601394264,0.019864052086846717
2af273f2-bea4-4638-9cd7-4a8d3a0b8f26,1,apology,0.8099000695053924,0.8137855399939108,0.0038854704885183944
2af273f2-bea4-4638-9cd7-4a8d3a0b8f26,2,thank,0.8364786154493385,0.8392715479120023,0.0027929324626637664
2af273f2-bea4-4638-9cd7-4a8d3a0b8f26,3,speech,0.8244313782063671,0.8209244124111416,-0.0035069657952255806
32a9cad7-5b1c-480f-832c-1cedb782d226,2,reassurance,0.7862686186239789,0.8175188765310855,0.03125025790710656
32a9cad7-5b1c-480f-832c-1cedb782d226,3,eulogy,0.7790182509336339,0.8624931342589046,0.08347488332527075
32a9cad7-5b1c-480f-832c-1cedb782d226,4,letter,0.7580024349778038,0.8146529766531528,0.056650541675349
32a9cad7-5b1c-480f-832c-1cedb782d226,5,thank,0.7476679363734907,0.8205383103081587,0.072870373934668
354ff2f3-d1e5-40ee-9b32-f1c81c5d4df5,0,reassurance,0.7379765601600645,0.81498019347283,0.0770036333127655
354ff2f3-d1e5-40ee-9b32-f1c81c5d4df5,1,thank,0.7580187569250048,0.7580187569250048,0.0
354ff2f3-d1e5-40ee-9b32-f1c81c5d4df5,2,speech,0.772457051908939,0.833197318652317,0.06074026674337807
354ff2f3-d1e5-40ee-9b32-f1c81c5d4df5,3,wedding,0.8228419510456895,0.8281817704126019,0.005339819366912413
357b9f78-df87-4775-a67e-9a41bebbc02f,2,wedding,0.8126142630264253,0.826419924118654,0.013805661092228694
357b9f78-df87-4775-a67e-9a41bebbc02f,3,speech,0.8229114259569353,0.8332866799506692,0.010375253993733846
357b9f78-df87-4775-a67e-9a41bebbc02f,4,thank,0.814261296304958,0.8306586023055581,0.016397306000600076
357b9f78-df87-4775-a67e-9a41bebbc02f,5,letter,0.8151912904786195,0.8177274420983462,0.0025361516197267564
36f7c04d-9eb6-41fa-ae60-a6ad6fa1c429,2,letter,0.8097535863380151,0.8415565882325092,0.03180300189449414
36f7c04d-9eb6-41fa-ae60-a6ad6fa1c429,3,reassurance,0.7660158792070607,0.7963511622890502,0.030335283081989517
36f7c04d-9eb6-41fa-ae60-a6ad6fa1c429,4,thank,0.8320571204696429,0.861116332687525,0.029059212217882102
36f7c04d-9eb6-41fa-ae60-a6ad6fa1c429,5,condolence,0.8760281315238004,0.9123491463776651,0.03632101485386463
379876ef-ea66-4914-90c7-052d13ad9036,0,condolence,0.8635590474609607,0.8802471394995971,0.016688092038636415
379876ef-ea66-4914-90c7-052d13ad9036,1,letter,0.854125267464904,0.8577643626262318,0.0036390951613277656
379876ef-ea66-4914-90c7-052d13ad9036,2,speech,0.8697282038906303,0.8668696108727678,-0.0028585930178625096
379876ef-ea66-4914-90c7-052d13ad9036,3,eulogy,0.8710692988189122,0.8739929079732613,0.0029236091543491938
417a64ff-e3b5-45c1-a926-83e8b3897840,2,condolence,0.8337450133464255,0.8462827840298341,0.012537770683408667
417a64ff-e3b5-45c1-a926-83e8b3897840,3,letter,0.7937218936084949,0.834836600503208,0.04111470689471308
417a64ff-e3b5-45c1-a926-83e8b3897840,4,speech,0.8467683067907215,0.8467683067907215,0.0
417a64ff-e3b5-45c1-a926-83e8b3897840,5,thank,0.8670998091577168,0.8747839594002959,0.007684150242579069
47936247-3b3b-4aec-a540-0199ded5b35f,0,letter,0.7348427205244146,0.8472307034051239,0.11238798288070928
47936247-3b3b-4aec-a540-0199ded5b35f,1,reassurance,0.8070390444986006,0.8932586922693476,0.08621964777074698
47936247-3b3b-4aec-a540-0199ded5b35f,2,apology,0.7881272165112577,0.8170986184297861,0.028971401918528428
47936247-3b3b-4aec-a540-0199ded5b35f,3,condolence,0.801669989336057,0.8294624899145931,0.027792500578536106
4cc3c761-a0ef-4a7d-b572-f933d9f34d7e,2,apology,0.8115352978684434,0.8704367441699258,0.05890144630148242
4cc3c761-a0ef-4a7d-b572-f933d9f34d7e,3,speech,0.8432730836472652,0.897209672639514,0.053936588992248846
4cc3c761-a0ef-4a7d-b572-f933d9f34d7e,4,wedding,0.852323345428096,0.8462680470763558,-0.006055298351740124
4cc3c761-a0ef-4a7d-b572-f933d9f34d7e,5,condolence,0.8739166452690691,0.8993841584294243,0.025467513160355226
4d13e808-d845-407b-8891-abc4bbd755a3,0,reassurance,0.8540888773406771,0.8652510400221668,0.011162162681489729
4d13e808-d845-407b-8891-abc4bbd755a3,1,wedding,0.8783676662056629,0.8828693766376909,0.004501710432028072
4d13e808-d845-407b-8891-abc4bbd755a3,2,letter,0.8145798411448354,0.8139727686186693,-0.000607072526166097
4d13e808-d845-407b-8891-abc4bbd755a3,3,apology,0.8750251330617292,0.8962118234902916,0.02118669042856236
54b36269-e8c7-475b-8d5c-8d028a523f32,2,speech,0.8480042975594827,0.8578856308976296,0.009881333338146892
54b36269-e8c7-475b-8d5c-8d028a523f32,3,reassurance,0.8042752201402643,0.809594733857459,0.005319513717194635
54b36269-e8c7-475b-8d5c-8d028a523f32,4,thank,0.8518101072040714,0.8457155543630104,-0.006094552841060974
54b36269-e8c7-475b-8d5c-8d028a523f32,5,wedding,0.8582001108594636,0.8772161223312219,0.019016011471758354
572392a4-224e-4261-ad20-1c06fabc9220,0,speech,0.812392110468646,0.812392110468646,0.0
572392a4-224e-4261-ad20-1c06fabc9220,1,reassurance,0.7814378316170648,0.7814378316170648,0.0
572392a4-224e-4261-ad20-1c06fabc9220,2,wedding,0.8442902927024588,0.8442902927024588,0.0
572392a4-224e-4261-ad20-1c06fabc9220,3,apology,0.7995143729920681,0.7995143729920681,0.0
57f6eb08-1334-4d1d-b32e-7ead2fae69b5,0,speech,0.8381755909396187,0.820039206314851,-0.018136384624767632
57f6eb08-1334-4d1d-b32e-7ead2fae69b5,1,apology,0.8209569605170703,0.8300342741859853,0.009077313668914955
57f6eb08-1334-4d1d-b32e-7ead2fae69b5,2,thank,0.812847709956193,0.8138870908654527,0.0010393809092597017
57f6eb08-1334-4d1d-b32e-7ead2fae69b5,3,wedding,0.8315643242482053,0.8529525177091589,0.021388193460953664
58a194df-223f-48a6-b63e-6dd56c0f2b57,2,thank,0.8539186429026452,0.8755422737721646,0.02162363086951946
58a194df-223f-48a6-b63e-6dd56c0f2b57,3,wedding,0.8584287640020003,0.885447237500023,0.027018473498022666
58a194df-223f-48a6-b63e-6dd56c0f2b57,4,letter,0.7576140679642461,0.7776819682830645,0.020067900318818332
58a194df-223f-48a6-b63e-6dd56c0f2b57,5,speech,0.8180343458381261,0.8398707361768837,0.021836390338757616
5ebe55d9-ec28-4e1f-bba3-3e309275a847,2,eulogy,0.8140312828985853,0.916991965317143,0.10296068241855771
5ebe55d9-ec28-4e1f-bba3-3e309275a847,3,speech,0.7961857398707276,0.8357973500331758,0.039611610162448185
5ebe55d9-ec28-4e1f-bba3-3e309275a847,4,thank,0.8287895895306806,0.8586354773627154,0.02984588783203479
5ebe55d9-ec28-4e1f-bba3-3e309275a847,5,wedding,0.8213638973222868,0.8188528530310047,-0.0025110442912820163
6003984f-f1dd-4a12-a9fb-e0031f48832d,2,letter,0.8050655752461885,0.7985009165877035,-0.00656465865848499
6003984f-f1dd-4a12-a9fb-e0031f48832d,3,speech,0.8528771998025638,0.8661815292946625,0.013304329492098699
6003984f-f1dd-4a12-a9fb-e0031f48832d,4,apology,0.8809622675570354,0.883630633677625,0.002668366120589516
6003984f-f1dd-4a12-a9fb-e0031f48832d,5,wedding,0.8441920900471843,0.856503956185679,0.012311866138494665
601a6b65-1891-482f-ba3c-46db6c722f4a,2,letter,0.7077196455011407,0.7722957517116066,0.06457610621046583
601a6b65-1891-482f-ba3c-46db6c722f4a,3,condolence,0.8590563711404691,0.8825923381319201,0.023535966991450996
601a6b65-1891-482f-ba3c-46db6c722f4a,4,reassurance,0.7864692113694761,0.7829115304553725,-0.003557680914103578
601a6b65-1891-482f-ba3c-46db6c722f4a,5,thank,0.8215397137384965,0.8222394317381637,0.000699717999667171
633b5061-eafb-439d-acc4-be045cbf249b,0,reassurance,0.772766710682336,0.8211409452295829,0.048374234547246875
633b5061-eafb-439d-acc4-be045cbf249b,1,condolence,0.80848481067418,0.8368673348820781,0.028382524207898108
633b5061-eafb-439d-acc4-be045cbf249b,2,thank,0.80677453765054,0.8692261642092965,0.06245162655875658
633b5061-eafb-439d-acc4-be045cbf249b,3,letter,0.764604099758693,0.8172279899562372,0.05262389019754421
6998773e-d1b4-4b6d-ac29-f75d132ecb89,2,reassurance,0.7977553181957271,0.8237412525438651,0.025985934348138007
6998773e-d1b4-4b6d-ac29-f75d132ecb89,3,letter,0.8438486712643847,0.8918835741133162,0.04803490284893153
6998773e-d1b4-4b6d-ac29-f75d132ecb89,4,wedding,0.892443111953059,0.9090413673931359,0.01659825544007687
6998773e-d1b4-4b6d-ac29-f75d132ecb89,5,apology,0.8491136617636691,0.8549686506069781,0.005854988843309039
6c6c9fd2-8452-4e83-975b-1b6a489f13eb,2,speech,0.8419566297326455,0.8390657423521155,-0.002890887380530005
6c6c9fd2-8452-4e83-975b-1b6a489f13eb,3,thank,0.8161018736523198,0.820605700676942,0.0045038270246222645
6c6c9fd2-8452-4e83-975b-1b6a489f13eb,4,apology,0.8579895474757465,0.8681792662601806,0.010189718784434088
6c6c9fd2-8452-4e83-975b-1b6a489f13eb,5,wedding,0.8286520357366373,0.8286520357366373,0.0
6c9db161-b8da-48f4-a9ba-f740f5ab9d93,2,apology,0.761977158230206,0.7632288521668134,0.001251693936607401
6c9db161-b8da-48f4-a9ba-f740f5ab9d93,3,letter,0.723563224919789,0.7223982857468826,-0.0011649391729063874
6c9db161-b8da-48f4-a9ba-f740f5ab9d93,4,thank,0.8058034653142393,0.8058034653142393,0.0
6c9db161-b8da-48f4-a9ba-f740f5ab9d93,5,condolence,0.8242679397217094,0.8206590186003455,-0.003608921121363906
702965f6-e3c0-4fd0-beab-2b57d2e90797,0,condolence,0.8268414727373262,0.873955900851212,0.047114428113885776
702965f6-e3c0-4fd0-beab-2b57d2e90797,1,reassurance,0.7956278880675254,0.8428235781890803,0.04719569012155489
702965f6-e3c0-4fd0-beab-2b57d2e90797,2,eulogy,0.7927478541398891,0.8257288870450502,0.03298103290516108
702965f6-e3c0-4fd0-beab-2b57d2e90797,3,speech,0.7656323447882659,0.8591837917176953,0.0935514469294294
70d867de-7bf1-479e-b0df-f2791efc2269,2,apology,0.8146391214115457,0.8421242091489158,0.02748508773737013
70d867de-7bf1-479e-b0df-f2791efc2269,3,reassurance,0.7968955522371247,0.8407526166828908,0.04385706444576609
70d867de-7bf1-479e-b0df-f2791efc2269,4,wedding,0.8382637436371737,0.8838016110301098,0.04553786739293608
70d867de-7bf1-479e-b0df-f2791efc2269,5,speech,0.8290331431358876,0.8990818515864335,0.0700487084505459
79e9c336-6d58-4da1-a022-64dc69586c6e,0,letter,0.7672609178916157,0.8078072998496493,0.04054638195803362
79e9c336-6d58-4da1-a022-64dc69586c6e,1,reassurance,0.7756048372668223,0.837072952020391,0.061468114753568726
79e9c336-6d58-4da1-a022-64dc69586c6e,2,condolence,0.794090259670571,0.8539136668071593,0.05982340713658829
79e9c336-6d58-4da1-a022-64dc69586c6e,3,thank,0.8213684927840851,0.8598162003057407,0.038447707521655605
7e876183-c6fa-4de5-b0b3-4e06019dc486,2,apology,0.8522119514724165,0.8858680503128054,0.03365609884038889
7e876183-c6fa-4de5-b0b3-4e06019dc486,3,wedding,0.8698922484292355,0.8654268361581431,-0.004465412271092428
7e876183-c6fa-4de5-b0b3-4e06019dc486,4,thank,0.8697244812092619,0.8684594165510169,-0.001265064658245052
7e876183-c6fa-4de5-b0b3-4e06019dc486,5,condolence,0.8555048371274817,0.8555048371274817,0.0
87c461ed-6bbd-4205-b25a-1d517a9a16e5,2,reassurance,0.795275976695911,0.7944752210296718,-0.0008007556662391613
87c461ed-6bbd-4205-b25a-1d517a9a16e5,3,condolence,0.860198068859197,0.8500450992229678,-0.010152969636229248
87c461ed-6bbd-4205-b25a-1d517a9a16e5,4,thank,0.8441350161357107,0.8515028786192675,0.0073678624835568085
87c461ed-6bbd-4205-b25a-1d517a9a16e5,5,apology,0.8262205948215162,0.810783833509903,-0.0154367613116132
8891e9bd-553c-4445-8692-af9aa1df345b,2,thank,0.8232688108026522,0.8537709430934777,0.030502132290825434
8891e9bd-553c-4445-8692-af9aa1df345b,3,speech,0.850647842002397,0.8826307261415532,0.03198288413915629
8891e9bd-553c-4445-8692-af9aa1df345b,4,apology,0.8417027085079766,0.8729129569079161,0.031210248399939577
8891e9bd-553c-4445-8692-af9aa1df345b,5,letter,0.8005591213675598,0.8232102146327911,0.022651093265231292
8ae99e0d-dea4-4a4b-accb-1145d983f09a,2,thank,0.7337922831956013,0.8010966493629017,0.0673043661673004
8ae99e0d-dea4-4a4b-accb-1145d983f09a,3,speech,0.7615808227700867,0.7591431238232997,-0.002437698946786915
8ae99e0d-dea4-4a4b-accb-1145d983f09a,4,letter,0.711070572506638,0.760635298841782,0.04956472633514408
8ae99e0d-dea4-4a4b-accb-1145d983f09a,5,apology,0.723028800153231,0.7705128285725399,0.04748402841930888
8ba8d7da-bbcf-44c8-8887-d6b083446deb,0,thank,0.7852397856297859,0.8152578025082953,0.030018016878509357
8ba8d7da-bbcf-44c8-8887-d6b083446deb,1,apology,0.8261223287698459,0.8291160200948863,0.0029936913250403485
8ba8d7da-bbcf-44c8-8887-d6b083446deb,2,speech,0.7449185624476304,0.7555480329532279,0.010629470505597483
8ba8d7da-bbcf-44c8-8887-d6b083446deb,3,condolence,0.7940867260214408,0.7897611738986419,-0.004325552122798948
8c1d839b-8bda-45bf-a466-1ecd1270be13,0,letter,0.7673140197158167,0.8463363454637937,0.07902232574797696
8c1d839b-8bda-45bf-a466-1ecd1270be13,1,speech,0.8072780294438896,0.8459967817173735,0.03871875227348387
8c1d839b-8bda-45bf-a466-1ecd1270be13,2,reassurance,0.811933420493005,0.8233767903627847,0.011443369869779674
8c1d839b-8bda-45bf-a466-1ecd1270be13,3,thank,0.8124899534649443,0.8268662243834498,0.014376270918505463
93919296-449e-4498-9198-8f21282f387e,2,thank,0.8013120675243595,0.8013120675243595,0.0
93919296-449e-4498-9198-8f21282f387e,3,reassurance,0.7997804695453666,0.8043264035345354,0.004545933989168804
93919296-449e-4498-9198-8f21282f387e,4,speech,0.8458653526665824,0.8458653526665824,0.0
93919296-449e-4498-9198-8f21282f387e,5,apology,0.8504739389095268,0.8418323172943082,-0.008641621615218642
93d4e6ef-1df0-4690-a934-51f2ff067a1f,0,reassurance,0.7384383194626866,0.7540606044642246,0.015622285001538061
93d4e6ef-1df0-4690-a934-51f2ff067a1f,1,condolence,0.8580270018357952,0.8580270018357952,0.0
93d4e6ef-1df0-4690-a934-51f2ff067a1f,2,apology,0.7610509808125029,0.7610509808125029,0.0
93d4e6ef-1df0-4690-a934-51f2ff067a1f,3,thank,0.786455659863543,0.786455659863543,0.0
946ad540-3b18-4f52-96e9-9134d4ec9878,0,letter,0.7639861323284262,0.7978440579322547,0.0338579256038285
946ad540-3b18-4f52-96e9-9134d4ec9878,1,apology,0.8522832905352502,0.8589640138050328,0.00668072326978264
946ad540-3b18-4f52-96e9-9134d4ec9878,2,speech,0.8152778425248048,0.8233593367357956,0.008081494210990803
946ad540-3b18-4f52-96e9-9134d4ec9878,3,condolence,0.8249103865658984,0.8463121380306621,0.02140175146476364
9473c36d-e078-4a5b-a106-a4de719f1c1b,0,thank,0.8244639981726946,0.8520224418401902,0.027558443667495602
9473c36d-e078-4a5b-a106-a4de719f1c1b,1,apology,0.8177331166894674,0.8226043089641717,0.004871192274704339
9473c36d-e078-4a5b-a106-a4de719f1c1b,2,reassurance,0.8378241041651615,0.8377854475030483,-3.8656662113223383e-05
9473c36d-e078-4a5b-a106-a4de719f1c1b,3,wedding,0.8126006049050997,0.8126006049050997,0.0
95648190-a022-43f7-a299-7d7c22e55289,2,letter,0.7728362312270679,0.8564484946799263,0.08361226345285844
95648190-a022-43f7-a299-7d7c22e55289,3,apology,0.8232496341104715,0.8845024015524675,0.06125276744199604
95648190-a022-43f7-a299-7d7c22e55289,4,eulogy,0.7698417722988694,0.88686484861116,0.11702307631229059
95648190-a022-43f7-a299-7d7c22e55289,5,wedding,0.812225512706599,0.8550524707365502,0.04282695802995118
99d7de62-94ed-4cc5-99bf-dbb5974df705,2,letter,0.8511534162781995,0.8774224325812946,0.026269016303095083
99d7de62-94ed-4cc5-99bf-dbb5974df705,3,thank,0.8655398794842578,0.913362945050793,0.04782306556653515
99d7de62-94ed-4cc5-99bf-dbb5974df705,4,wedding,0.8418291182391132,0.9166311604849091,0.0748020422457959
99d7de62-94ed-4cc5-99bf-dbb5974df705,5,speech,0.8660526397583206,0.9004312097340668,0.034378569975746176
9c117e71-7c5a-42b2-8767-9a3cbedc17d9,2,thank,0.8724425515877541,0.8514413101549153,-0.02100124143283877
9c117e71-7c5a-42b2-8767-9a3cbedc17d9,3,condolence,0.8285051060076708,0.822477570137122,-0.006027535870548828
9c117e71-7c5a-42b2-8767-9a3cbedc17d9,4,letter,0.7936467937192557,0.8091965325777423,0.01554973885848654
9c117e71-7c5a-42b2-8767-9a3cbedc17d9,5,speech,0.7925338090375886,0.8052160660588742,0.012682257021285559
9d164220-c497-48ff-8497-55c050213e55,2,reassurance,0.769790470332707,0.7687495897443325,-0.001040880588374482
9d164220-c497-48ff-8497-55c050213e55,3,thank,0.7702075227312982,0.778822464667914,0.008614941936615828
9d164220-c497-48ff-8497-55c050213e55,4,apology,0.7996168688220829,0.7925167069108121,-0.00710016191127083
9d164220-c497-48ff-8497-55c050213e55,5,condolence,0.7974511837831404,0.8058429687123332,0.008391784929192792
a03e9b46-d5c1-401e-ba35-3746d2880c76,2,reassurance,0.8550151956666046,0.8675648522871505,0.012549656620545968
a03e9b46-d5c1-401e-ba35-3746d2880c76,3,apology,0.8690001322545173,0.8934403743184081,0.024440242063890727
a03e9b46-d5c1-401e-ba35-3746d2880c76,4,speech,0.8586812240893197,0.8557896587005371,-0.0028915653887825465
a03e9b46-d5c1-401e-ba35-3746d2880c76,5,thank,0.8553193505901423,0.883063964073366,0.027744613483223657
a1a47852-cad9-495d-a871-6797dc780d4f,2,thank,0.8800460495647588,0.9092276027207549,0.02918155315599602
a1a47852-cad9-495d-a871-6797dc780d4f,3,speech,0.8621573473270924,0.871840753678383,0.009683406351290613
a1a47852-cad9-495d-a871-6797dc780d4f,4,condolence,0.8776672325151494,0.8882191218920236,0.010551889376874124
a1a47852-cad9-495d-a871-6797dc780d4f,5,letter,0.8161506042233442,0.8185836642076098,0.002433059984265573
a65fbf73-ac73-4c89-8477-fe2768a27dd5,2,reassurance,0.8313047710069236,0.8477583969874344,0.01645362598051081
a65fbf73-ac73-4c89-8477-fe2768a27dd5,3,eulogy,0.8306727325434026,0.8300924756423093,-0.0005802569010933123
a65fbf73-ac73-4c89-8477-fe2768a27dd5,4,speech,0.8371959349818712,0.8371959349818712,0.0
a65fbf73-ac73-4c89-8477-fe2768a27dd5,5,thank,0.7928049558942606,0.7928049558942606,0.0
a66edf01-fecd-4939-a982-b7c6684d7a29,0,wedding,0.8948274057855952,0.8922353072266471,-0.0025920985589480416
a66edf01-fecd-4939-a982-b7c6684d7a29,1,condolence,0.8988560490746949,0.9021823155388805,0.0033262664641856565
a66edf01-fecd-4939-a982-b7c6684d7a29,2,apology,0.8807383745134136,0.8807383745134136,0.0
a66edf01-fecd-4939-a982-b7c6684d7a29,3,thank,0.8734919341816249,0.8734919341816249,0.0
ad73f9f4-5813-4fcc-b875-4ccc998f95b7,2,thank,0.8214814225406974,0.8221245372146633,0.0006431146739658278
ad73f9f4-5813-4fcc-b875-4ccc998f95b7,3,letter,0.8038718806242025,0.8038718806242025,0.0
ad73f9f4-5813-4fcc-b875-4ccc998f95b7,4,apology,0.8258204605819497,0.8258204605819497,0.0
ad73f9f4-5813-4fcc-b875-4ccc998f95b7,5,reassurance,0.7895127937320608,0.8021898794838361,0.012677085751775286
b417dba7-2b67-4496-b985-fc67c15aa748,0,reassurance,0.806269089601118,0.8557150546842802,0.049445965083162235
b417dba7-2b67-4496-b985-fc67c15aa748,1,letter,0.7903333484358683,0.8256046145123352,0.03527126607646691
b417dba7-2b67-4496-b985-fc67c15aa748,2,thank,0.8825724645151738,0.8980014062119378,0.01542894169676401
b417dba7-2b67-4496-b985-fc67c15aa748,3,condolence,0.8923853576619439,0.8995185052780162,0.007133147616072311
bcf3699f-b36e-4652-a117-7e1de296c0f3,0,apology,0.8262857107713976,0.8522660137221758,0.025980302950778245
bcf3699f-b36e-4652-a117-7e1de296c0f3,1,thank,0.8487620964396876,0.8597454121787891,0.010983315739101496
bcf3699f-b36e-4652-a117-7e1de296c0f3,2,letter,0.799321811778589,0.8036801544182872,0.004358342639698254
bcf3699f-b36e-4652-a117-7e1de296c0f3,3,reassurance,0.8074011848492093,0.8137028367897727,0.006301651940563424
c457e22c-d7ad-4ba6-a5eb-457b445a6415,2,condolence,0.8385374097347341,0.8636608592987469,0.0251234495640128
c457e22c-d7ad-4ba6-a5eb-457b445a6415,3,letter,0.7965591131429506,0.8063441303302697,0.009785017187319167
c457e22c-d7ad-4ba6-a5eb-457b445a6415,4,eulogy,0.8212220000679443,0.8379540875938671,0.016732087525922812
c457e22c-d7ad-4ba6-a5eb-457b445a6415,5,apology,0.8625707925322735,0.8966645595462319,0.03409376701395839
c558e2d5-8448-41bb-9b4d-279a0ac50263,2,thank,0.82244230186197,0.885918852479124,0.06347655061715407
c558e2d5-8448-41bb-9b4d-279a0ac50263,3,condolence,0.8056033223113345,0.8688233547306738,0.06322003241933938
c558e2d5-8448-41bb-9b4d-279a0ac50263,4,apology,0.8054855001876459,0.8713912152719182,0.06590571508427234
c558e2d5-8448-41bb-9b4d-279a0ac50263,5,reassurance,0.7859188344061301,0.8234032650747544,0.03748443066862428
c649bdf1-c479-449c-91bb-eb0986daa185,0,thank,0.8373438175608834,0.8604375805901442,0.023093763029260805
c649bdf1-c479-449c-91bb-eb0986daa185,1,condolence,0.8206304436534181,0.8437220688322876,0.023091625178869535
c649bdf1-c479-449c-91bb-eb0986daa185,2,wedding,0.7731884853030363,0.8159486020535731,0.042760116750536814
c649bdf1-c479-449c-91bb-eb0986daa185,3,apology,0.8708408745265113,0.8659445281716175,-0.004896346354893777
c95c8274-9889-4d96-b769-5af9729da064,2,apology,0.8414556970594707,0.8575108119469107,0.016055114887440047
c95c8274-9889-4d96-b769-5af9729da064,3,letter,0.7882661453533355,0.8088027626348658,0.020536617281530334
c95c8274-9889-4d96-b769-5af9729da064,4,thank,0.8194376342392888,0.8590939357441848,0.03965630150489596
c95c8274-9889-4d96-b769-5af9729da064,5,speech,0.8486317898306884,0.8464276087869865,-0.0022041810437019027
c9afe4ed-b46e-4919-a89b-9c3639640775,2,apology,0.8809021796434628,0.8820116607130225,0.001109481069559659
c9afe4ed-b46e-4919-a89b-9c3639640775,3,thank,0.8908289696073382,0.8982111137727159,0.007382144165377746
c9afe4ed-b46e-4919-a89b-9c3639640775,4,letter,0.8046815256572691,0.8356348748418859,0.030953349184616785
c9afe4ed-b46e-4919-a89b-9c3639640775,5,speech,0.8254073970528194,0.8254073970528194,0.0
cb6b9158-75df-42e4-92ac-d2e2d03e66a7,0,speech,0.8050211142645433,0.8050211142645433,0.0
cb6b9158-75df-42e4-92ac-d2e2d03e66a7,1,reassurance,0.8824359844377141,0.8829306952375293,0.0004947107998152234
cb6b9158-75df-42e4-92ac-d2e2d03e66a7,2,wedding,0.8739853462315331,0.8739853462315331,0.0
cb6b9158-75df-42e4-92ac-d2e2d03e66a7,3,apology,0.8825997986675299,0.8874672961829092,0.004867497515379293
d1850bd6-2dc4-4a79-9b27-da09d1ccb338,2,letter,0.7694266932222449,0.8022712132157426,0.03284451999349769
d1850bd6-2dc4-4a79-9b27-da09d1ccb338,3,thank,0.8940599970502728,0.9268454421525438,0.032785445102270994
d1850bd6-2dc4-4a79-9b27-da09d1ccb338,4,wedding,0.8740288723129243,0.8983047640581046,0.0242758917451803
d1850bd6-2dc4-4a79-9b27-da09d1ccb338,5,apology,0.8719484478887379,0.9174039096034057,0.045455461714667744
d1df814b-04d7-45ef-afa9-19333672b460,2,wedding,0.7961441332599616,0.7698550099390293,-0.02628912332093225
d1df814b-04d7-45ef-afa9-19333672b460,3,speech,0.7912058779104874,0.7912058779104874,0.0
d1df814b-04d7-45ef-afa9-19333672b460,4,reassurance,0.7820927018780893,0.7820927018780893,0.0
d1df814b-04d7-45ef-afa9-19333672b460,5,letter,0.7663437252924484,0.7660591117752732,-0.0002846135171752362
df299e8f-5085-44ff-95c9-6de38dbb72a4,2,letter,0.7851548223670626,0.7901349066129905,0.004980084245927885
df299e8f-5085-44ff-95c9-6de38dbb72a4,3,thank,0.7933012056410731,0.8100635853932423,0.01676237975216921
df299e8f-5085-44ff-95c9-6de38dbb72a4,4,wedding,0.8502464086331222,0.8667449429246001,0.016498534291477962
df299e8f-5085-44ff-95c9-6de38dbb72a4,5,condolence,0.8045882140355585,0.8045882140355585,0.0
e04e957f-4182-4050-8a59-10c546f3c4be,2,eulogy,0.8477880500759265,0.8605914872939298,0.012803437218003255
e04e957f-4182-4050-8a59-10c546f3c4be,3,letter,0.8572984019998342,0.8470840914782017,-0.010214310521632464
e04e957f-4182-4050-8a59-10c546f3c4be,4,reassurance,0.8036863535908451,0.8167937479863819,0.013107394395536875
e04e957f-4182-4050-8a59-10c546f3c4be,5,speech,0.8535375681560445,0.8724445757355046,0.018907007579460067
e181c353-09f4-402b-b7e5-c62f87df85f5,2,speech,0.7926112093237621,0.8063962337071054,0.013785024383343392
e181c353-09f4-402b-b7e5-c62f87df85f5,3,thank,0.801590167429806,0.8388101720864471,0.037220004656641104
e181c353-09f4-402b-b7e5-c62f87df85f5,4,letter,0.7622281586195574,0.7943542157110112,0.032126057091453775
e181c353-09f4-402b-b7e5-c62f87df85f5,5,condolence,0.8244287173150526,0.8408570161744165,0.01642829885936392
e796692a-297a-495e-a059-f32263c2c073,0,apology,0.8094525167318337,0.8263337768867252,0.016881260154891442
e796692a-297a-495e-a059-f32263c2c073,1,thank,0.7902279451571507,0.8189224440126556,0.028694498855504902
e796692a-297a-495e-a059-f32263c2c073,2,speech,0.7706766560701547,0.8040261185628771,0.033349462492722415
e796692a-297a-495e-a059-f32263c2c073,3,reassurance,0.7777256130659929,0.7952399112436082,0.017514298177615295
e914a063-af74-4e82-9fae-a27aa34cf284,2,speech,0.8608144616127499,0.8603031348523694,-0.0005113267603804594
e914a063-af74-4e82-9fae-a27aa34cf284,3,apology,0.9030825465011626,0.9030825465011626,0.0
e914a063-af74-4e82-9fae-a27aa34cf284,4,letter,0.8138154408358858,0.8138154408358858,0.0
e914a063-af74-4e82-9fae-a27aa34cf284,5,thank,0.8929668785591668,0.8929668785591668,0.0
e9c4bc43-6f2f-4b3f-8ab0-f20947fd04f9,2,wedding,0.8026944954867504,0.8355308023773091,0.03283630689055872
e9c4bc43-6f2f-4b3f-8ab0-f20947fd04f9,3,thank,0.774880781637026,0.7842883159526168,0.009407534315590826
e9c4bc43-6f2f-4b3f-8ab0-f20947fd04f9,4,reassurance,0.7920755367372107,0.7948839847199007,0.0028084479826900877
e9c4bc43-6f2f-4b3f-8ab0-f20947fd04f9,5,letter,0.7478006270930972,0.8326391077218077,0.08483848062871047
ec874e47-e1e7-400a-b8c2-057063b54e63,2,speech,0.8398409243787578,0.8398409243787578,0.0
ec874e47-e1e7-400a-b8c2-057063b54e63,3,letter,0.8003764216810583,0.7934807242036278,-0.0068956974774304625
ec874e47-e1e7-400a-b8c2-057063b54e63,4,apology,0.8915772021028776,0.8915772021028776,0.0
ec874e47-e1e7-400a-b8c2-057063b54e63,5,reassurance,0.8414851862209882,0.8821716482919754,0.04068646207098714
edb2f8e7-ab70-4257-8246-bf4352832807,0,condolence,0.7841056835772295,0.8026525556397478,0.01854687206251826
edb2f8e7-ab70-4257-8246-bf4352832807,1,letter,0.7216898433329798,0.7382309748057616,0.0165411314727818
edb2f8e7-ab70-4257-8246-bf4352832807,2,eulogy,0.7253747795254618,0.7441336919531605,0.01875891242769867
edb2f8e7-ab70-4257-8246-bf4352832807,3,speech,0.7526637364400146,0.7565255458284323,0.0038618093884177362
f34cb204-36d3-4051-9ae0-0969882d1cda,2,letter,0.7182731812362297,0.7182731812362297,0.0
f34cb204-36d3-4051-9ae0-0969882d1cda,3,condolence,0.6983832791084297,0.6972206980244303,-0.0011625810839993589
f34cb204-36d3-4051-9ae0-0969882d1cda,4,apology,0.6355970481039525,0.6355970481039525,0.0
f34cb204-36d3-4051-9ae0-0969882d1cda,5,speech,0.7346158806562496,0.7346158806562496,0.0
f35a5d38-18e0-4c01-8a53-13fc23a63680,2,letter,0.7678219988496714,0.7935564010673267,0.025734402217655328
f35a5d38-18e0-4c01-8a53-13fc23a63680,3,reassurance,0.8571924122210763,0.884471814957223,0.027279402736146707
f35a5d38-18e0-4c01-8a53-13fc23a63680,4,speech,0.8187328165109921,0.8508955264772272,0.03216270996623516
f35a5d38-18e0-4c01-8a53-13fc23a63680,5,thank,0.8120268523159034,0.8480386392473643,0.0360117869314609
f5d09877-f461-4169-a291-79c17218071d,2,wedding,0.7851250855880688,0.7511939687460584,-0.033931116842010445
f5d09877-f461-4169-a291-79c17218071d,3,apology,0.7768358834730313,0.7797514548032378,0.002915571330206479
f5d09877-f461-4169-a291-79c17218071d,4,eulogy,0.7920362576941686,0.7944473677005985,0.0024111100064299062
f5d09877-f461-4169-a291-79c17218071d,5,letter,0.821433424426568,0.8400792687504983,0.01864584432393035
f7e55f3c-94b2-4e45-b8c2-e0ef967715ae,0,apology,0.8245314132583361,0.8319737589717028,0.00744234571336666
f7e55f3c-94b2-4e45-b8c2-e0ef967715ae,1,letter,0.7950360361180375,0.8017520670332072,0.006716030915169702
f7e55f3c-94b2-4e45-b8c2-e0ef967715ae,2,speech,0.8166282513639013,0.845519091330767,0.0288908399668657
f7e55f3c-94b2-4e45-b8c2-e0ef967715ae,3,condolence,0.8666400740469643,0.8538173312748206,-0.01282274277214368
fd93ee7a-8e03-4ead-8a80-9847e589e01e,0,condolence,0.8506786403738095,0.8633615471662467,0.01268290679243722
fd93ee7a-8e03-4ead-8a80-9847e589e01e,1,thank,0.8432710951957573,0.8515017719039759,0.008230676708218643
fd93ee7a-8e03-4ead-8a80-9847e589e01e,2,letter,0.7808561893575113,0.7919157142130386,0.011059524855527303
fd93ee7a-8e03-4ead-8a80-9847e589e01e,3,speech,0.8241004027565292,0.8381609142736668,0.014060511517137608
fe48cc42-b6f0-41a3-b2a0-0c3a1d733997,0,wedding,0.8405439989482717,0.8305161474358936,-0.010027851512378061
fe48cc42-b6f0-41a3-b2a0-0c3a1d733997,1,apology,0.8757767600292015,0.8726814889421046,-0.0030952710870968403
fe48cc42-b6f0-41a3-b2a0-0c3a1d733997,2,speech,0.832345748597083,0.832345748597083,0.0
fe48cc42-b6f0-41a3-b2a0-0c3a1d733997,3,thank,0.8646170749493933,0.8646170777163439,2.766950557564485e-09
