participant_id,mean_draft_to_control,mean_edited_to_control,change_after_editing
03acc614-1708-42a6-b142-9ef7a0f0ce4e,0.7604798439437352,0.7405931429515689,-0.019886700992166384
06285a67-fbc5-4673-9f1b-3e20aff3562f,0.893355533398794,0.8933929820765286,3.7448677734586155e-05
0a303467-79b1-4641-9591-8c3a36f50413,0.9022756305699944,0.8986385553061019,-0.003637075263892453
0c529ac4-63ef-47e4-a8be-91a12f63242d,0.8735848052809414,0.8735848052809414,0.0
0d91417f-a097-424f-bf12-77b98654c26c,0.8412499936343184,0.8426781347729322,0.001428141138613781
0e4ed97b-533a-4c35-9268-2610361186c3,0.8471620090473416,0.8581295085768379,0.010967499529496272
1460c925-65dc-4f85-9bee-a3029020dd78,0.8165145220601846,0.8177858613403193,0.0012713392801346757
16e11b3b-7143-40ed-ba2c-c94e96d5be86,0.8692337327126413,0.8703844205084164,0.001150687795775096
1a25aba9-d542-49a4-94df-900c081551b6,0.8979854226133895,0.8979854226133895,0.0
1a6bc3bd-868e-47cf-970d-67cf7d516465,0.8708448850204195,0.8708448850204195,0.0
1b97dea3-013d-476c-96a6-49d2960c7c99,0.8775939134405715,0.8833635106551212,0.0057695972145497265
1f506d3f-b34d-4657-9820-ef232904554d,0.9046666809553281,0.9040543923558112,-0.000612288599516897
21d20b0e-b89e-42a8-b0bb-cb8b2d2e35df,0.8912639678360768,0.8904670890041173,-0.0007968788319594466
28bc03dc-f524-4a10-b9aa-4368bd13df42,0.8590222314152933,0.8581698336584839,-0.0008523977568094532
2af273f2-bea4-4638-9cd7-4a8d3a0b8f26,0.9269574325735009,0.9269574325735009,0.0
32a9cad7-5b1c-480f-832c-1cedb782d226,0.8749907667176531,0.8749907667176531,0.0
354ff2f3-d1e5-40ee-9b32-f1c81c5d4df5,0.8751806627344959,0.8615532849208639,-0.013627377813631991
357b9f78-df87-4775-a67e-9a41bebbc02f,0.8823913586439023,0.8836610367640523,0.0012696781201499974
36f7c04d-9eb6-41fa-ae60-a6ad6fa1c429,0.9492159590755964,0.9483063389540438,-0.0009096201215526012
379876ef-ea66-4914-90c7-052d13ad9036,0.8527233370832109,0.8457350097742902,-0.006988327308920739
417a64ff-e3b5-45c1-a926-83e8b3897840,0.8866603009778206,0.8836983336064113,-0.002961967371409302
47936247-3b3b-4aec-a540-0199ded5b35f,0.9100724600374757,0.9181196605519748,0.008047200514499142
4cc3c761-a0ef-4a7d-b572-f933d9f34d7e,0.8966141707398176,0.905481567063221,0.008867396323403387
4d13e808-d845-407b-8891-abc4bbd755a3,0.8854041726514256,0.8854041726514256,0.0
54b36269-e8c7-475b-8d5c-8d028a523f32,0.9217592450853141,0.9217592450853141,0.0
572392a4-224e-4261-ad20-1c06fabc9220,0.889626184179392,0.889626184179392,0.0
57f6eb08-1334-4d1d-b32e-7ead2fae69b5,0.9478892927399968,0.9434432326974505,-0.004446060042546329
58a194df-223f-48a6-b63e-6dd56c0f2b57,0.8784837208848402,0.8698668456501536,-0.008616875234686572
5ebe55d9-ec28-4e1f-bba3-3e309275a847,0.8902459721547187,0.8982242356586932,0.00797826350397457
6003984f-f1dd-4a12-a9fb-e0031f48832d,0.9159859564699896,0.9159859564699896,0.0
601a6b65-1891-482f-ba3c-46db6c722f4a,0.8897696532415239,0.8920998145503437,0.0023301613088198003
633b5061-eafb-439d-acc4-be045cbf249b,0.8881651542524063,0.8783643835718057,-0.00980077068060059
6998773e-d1b4-4b6d-ac29-f75d132ecb89,0.8910922339503144,0.8938412196907007,0.0027489857403862894
6c6c9fd2-8452-4e83-975b-1b6a489f13eb,0.872635802352816,0.872635802352816,0.0
6c9db161-b8da-48f4-a9ba-f740f5ab9d93,0.9116350147718046,0.9116350147718046,0.0
702965f6-e3c0-4fd0-beab-2b57d2e90797,0.8486454339148952,0.8554298880367155,0.006784454121820271
70d867de-7bf1-479e-b0df-f2791efc2269,0.86815470988386,0.86815470988386,0.0
79e9c336-6d58-4da1-a022-64dc69586c6e,0.8866828315097482,0.8911999570423215,0.0045171255325732185
7e876183-c6fa-4de5-b0b3-4e06019dc486,0.8669495585885134,0.8669495585885134,0.0
87c461ed-6bbd-4205-b25a-1d517a9a16e5,0.881496584800901,0.881496584800901,0.0
8891e9bd-553c-4445-8692-af9aa1df345b,0.906950793163154,0.906950793163154,0.0
8ae99e0d-dea4-4a4b-accb-1145d983f09a,0.8543470673329829,0.8463726961075548,-0.0079743712254281
8ba8d7da-bbcf-44c8-8887-d6b083446deb,0.9090372347905002,0.9102625920196223,0.0012253572291220927
8c1d839b-8bda-45bf-a466-1ecd1270be13,0.8905980203388926,0.8858562645356445,-0.004741755803248093
93919296-449e-4498-9198-8f21282f387e,0.863078985488977,0.863078985488977,0.0
93d4e6ef-1df0-4690-a934-51f2ff067a1f,0.9239266067822154,0.9239266067822154,0.0
946ad540-3b18-4f52-96e9-9134d4ec9878,0.9027205448162036,0.9180615823566343,0.015341037540430702
9473c36d-e078-4a5b-a106-a4de719f1c1b,0.8477136817338811,0.8426920305794454,-0.005021651154435647
95648190-a022-43f7-a299-7d7c22e55289,0.909929397198191,0.9015677511650279,-0.00836164603316314
99d7de62-94ed-4cc5-99bf-dbb5974df705,0.969325257736899,0.9687231040095798,-0.000602153727319199
9c117e71-7c5a-42b2-8767-9a3cbedc17d9,0.8796099600183636,0.8796123190912843,2.3590729207878525e-06
9d164220-c497-48ff-8497-55c050213e55,0.8467579804484962,0.8462054562716399,-0.0005525241768562505
a03e9b46-d5c1-401e-ba35-3746d2880c76,0.886772275006384,0.893648739062511,0.006876464056126963
a1a47852-cad9-495d-a871-6797dc780d4f,0.9163135575174584,0.9202861868596054,0.003972629342147038
a65fbf73-ac73-4c89-8477-fe2768a27dd5,0.8675920800441296,0.8671341958166474,-0.00045788422748216373
a66edf01-fecd-4939-a982-b7c6684d7a29,0.8712852218915145,0.8708832319826382,-0.00040198990887629904
ad73f9f4-5813-4fcc-b875-4ccc998f95b7,0.8970751107163808,0.8949157380694202,-0.0021593726469606445
b417dba7-2b67-4496-b985-fc67c15aa748,0.8964306585593164,0.894751031191587,-0.0016796273677293083
bcf3699f-b36e-4652-a117-7e1de296c0f3,0.8793363213080865,0.8837457684348681,0.004409447126781596
c457e22c-d7ad-4ba6-a5eb-457b445a6415,0.9175992801372274,0.923039824978069,0.005440544840841666
c558e2d5-8448-41bb-9b4d-279a0ac50263,0.8534961320843086,0.8691296450484687,0.015633512964160046
c649bdf1-c479-449c-91bb-eb0986daa185,0.9338276148035979,0.9354677803415524,0.001640165537954541
c95c8274-9889-4d96-b769-5af9729da064,0.9212733064892067,0.9216544839299989,0.00038117744079224636
c9afe4ed-b46e-4919-a89b-9c3639640775,0.8814891812043367,0.876752934923531,-0.0047362462808057115
cb6b9158-75df-42e4-92ac-d2e2d03e66a7,0.8674986000640964,0.8674986000640964,0.0
d1850bd6-2dc4-4a79-9b27-da09d1ccb338,0.8802432031070313,0.8754440663858533,-0.004799136721178043
d1df814b-04d7-45ef-afa9-19333672b460,0.856727972650839,0.856727972650839,0.0
df299e8f-5085-44ff-95c9-6de38dbb72a4,0.8432470114750352,0.8432470114750352,0.0
e04e957f-4182-4050-8a59-10c546f3c4be,0.8878209820396635,0.8718606752907914,-0.015960306748872166
e181c353-09f4-402b-b7e5-c62f87df85f5,0.8767374222139384,0.8728137318897343,-0.003923690324204032
e796692a-297a-495e-a059-f32263c2c073,0.8971222672966558,0.8981631706057391,0.001040903309083352
e914a063-af74-4e82-9fae-a27aa34cf284,0.9369056602614259,0.9369056602614259,0.0
e9c4bc43-6f2f-4b3f-8ab0-f20947fd04f9,0.8925792980028427,0.8939022955715379,0.001322997568695139
ec874e47-e1e7-400a-b8c2-057063b54e63,0.9165061131764305,0.9188555163767622,0.0023494032003317233
edb2f8e7-ab70-4257-8246-bf4352832807,0.8718024838745491,0.8823213215563025,0.010518837681753435
f34cb204-36d3-4051-9ae0-0969882d1cda,0.8869928827707919,0.8869928827707919,0.0
f35a5d38-18e0-4c01-8a53-13fc23a63680,0.885038735552032,0.8825898473015684,-0.0024488882504636322
f5d09877-f461-4169-a291-79c17218071d,0.8579426799271338,0.8458212452191953,-0.012121434707938472
f7e55f3c-94b2-4e45-b8c2-e0ef967715ae,0.9168336085324494,0.9188507171533651,0.002017108620915642
fd93ee7a-8e03-4ead-8a80-9847e589e01e,0.9288490894351028,0.9288490894351028,0.0
fe48cc42-b6f0-41a3-b2a0-0c3a1d733997,0.8814505960875691,0.8752509145539515,-0.006199681533617607
