participant_id,task_key,scenario,own_control_similarity,other_controls_mean_similarity,difference_other_minus_own
03acc614-1708-42a6-b142-9ef7a0f0ce4e,0,thank,0.8074461802148436,0.8295376726169467,0.022091492402103063
03acc614-1708-42a6-b142-9ef7a0f0ce4e,1,wedding,0.8151807400553255,0.8290735134830106,0.013892773427685134
03acc614-1708-42a6-b142-9ef7a0f0ce4e,2,apology,0.8058847396624621,0.8331050120104878,0.02722027234802571
03acc614-1708-42a6-b142-9ef7a0f0ce4e,3,letter,0.7949258366793159,0.8017299923290583,0.006804155649742349
06285a67-fbc5-4673-9f1b-3e20aff3562f,0,wedding,0.819491282260995,0.8292168410722811,0.009725558811286117
06285a67-fbc5-4673-9f1b-3e20aff3562f,1,speech,0.8343853690049461,0.8355050163391482,0.0011196473342021118
06285a67-fbc5-4673-9f1b-3e20aff3562f,2,condolence,0.8558902477762962,0.8462981759879431,-0.009592071788353085
06285a67-fbc5-4673-9f1b-3e20aff3562f,3,eulogy,0.8131313112312041,0.8076639089493852,-0.005467402281818856
0a303467-79b1-4641-9591-8c3a36f50413,2,reassurance,0.7671334488886402,0.7735974893713362,0.0064640404826959985
0a303467-79b1-4641-9591-8c3a36f50413,3,wedding,0.8431435813963898,0.820088430505138,-0.023055150891251763
0a303467-79b1-4641-9591-8c3a36f50413,4,thank,0.8655536925978017,0.8483271489519542,-0.017226543645847525
0a303467-79b1-4641-9591-8c3a36f50413,5,speech,0.8198640649290296,0.8115956813060062,-0.008268383623023401
0c529ac4-63ef-47e4-a8be-91a12f63242d,2,speech,0.7738087017984023,0.773472379851518,-0.000336321946884377
0c529ac4-63ef-47e4-a8be-91a12f63242d,3,condolence,0.8331129011884082,0.8389526771215152,0.005839775933107028
0c529ac4-63ef-47e4-a8be-91a12f63242d,4,reassurance,0.7773822297708468,0.7938478629664368,0.016465633195590024
0c529ac4-63ef-47e4-a8be-91a12f63242d,5,apology,0.8341093654787506,0.8409154915899641,0.006806126111213562
0d91417f-a097-424f-bf12-77b98654c26c,2,letter,0.7415614220516997,0.7424093773669039,0.0008479553152042074
0d91417f-a097-424f-bf12-77b98654c26c,3,wedding,0.8211322637169639,0.8346377064992648,0.013505442782300925
0d91417f-a097-424f-bf12-77b98654c26c,4,apology,0.7754912968570706,0.8074275843168703,0.031936287459799706
0d91417f-a097-424f-bf12-77b98654c26c,5,reassurance,0.7850777479750763,0.7956304990365342,0.01055275106145781
0e4ed97b-533a-4c35-9268-2610361186c3,0,speech,0.8347024374761434,0.815311672582145,-0.01939076489399838
0e4ed97b-533a-4c35-9268-2610361186c3,1,apology,0.8168564780849139,0.8198957923177765,0.0030393142328626332
0e4ed97b-533a-4c35-9268-2610361186c3,2,letter,0.7653848762878885,0.7491813100340179,-0.01620356625387065
0e4ed97b-533a-4c35-9268-2610361186c3,3,wedding,0.8264275976348575,0.8101558018583466,-0.016271795776510944
1460c925-65dc-4f85-9bee-a3029020dd78,2,condolence,0.8334186935525772,0.8458478599559793,0.012429166403402081
1460c925-65dc-4f85-9bee-a3029020dd78,3,wedding,0.8043360769083763,0.8501859178377025,0.0458498409293262
1460c925-65dc-4f85-9bee-a3029020dd78,4,speech,0.8569580327775967,0.8247216100726813,-0.032236422704915446
1460c925-65dc-4f85-9bee-a3029020dd78,5,thank,0.8788858186477784,0.8678797794709133,-0.011006039176865046
16e11b3b-7143-40ed-ba2c-c94e96d5be86,0,wedding,0.7556789377509049,0.8331918764457058,0.07751293869480091
16e11b3b-7143-40ed-ba2c-c94e96d5be86,1,speech,0.7573807526940703,0.8304634600575348,0.07308270736346445
16e11b3b-7143-40ed-ba2c-c94e96d5be86,2,condolence,0.7399182416435492,0.8187024507142601,0.07878420907071082
16e11b3b-7143-40ed-ba2c-c94e96d5be86,3,letter,0.7370140696427531,0.790380372247664,0.05336630260491093
1a25aba9-d542-49a4-94df-900c081551b6,2,speech,0.8472278829533688,0.8271894113604045,-0.020038471592964346
1a25aba9-d542-49a4-94df-900c081551b6,3,wedding,0.877530002941304,0.8427171101250354,-0.03481289281626865
1a25aba9-d542-49a4-94df-900c081551b6,4,condolence,0.8380695468107828,0.8429620818981093,0.004892535087326455
1a25aba9-d542-49a4-94df-900c081551b6,5,letter,0.8382956755049424,0.8159189394022865,-0.022376736102655892
1a6bc3bd-868e-47cf-970d-67cf7d516465,0,wedding,0.8229725960341743,0.8258704309645738,0.0028978349303995232
1a6bc3bd-868e-47cf-970d-67cf7d516465,1,speech,0.7994466238642726,0.8050060082742332,0.0055593844099606216
1a6bc3bd-868e-47cf-970d-67cf7d516465,2,condolence,0.846458025375411,0.8296672482775858,-0.016790777097825282
1a6bc3bd-868e-47cf-970d-67cf7d516465,3,letter,0.7773855508478364,0.7802495746818601,0.0028640238340236213
1b97dea3-013d-476c-96a6-49d2960c7c99,2,thank,0.7895790687157564,0.836290261210469,0.04671119249471256
1b97dea3-013d-476c-96a6-49d2960c7c99,3,reassurance,0.7556189888530699,0.803698215000025,0.048079226146955145
1b97dea3-013d-476c-96a6-49d2960c7c99,4,speech,0.8095059403837906,0.8622725200231001,0.05276657963930942
1b97dea3-013d-476c-96a6-49d2960c7c99,5,apology,0.7867631903174902,0.8487084275286065,0.06194523721111633
1f506d3f-b34d-4657-9820-ef232904554d,2,reassurance,0.8162239655700493,0.7759855274772439,-0.04023843809280536
1f506d3f-b34d-4657-9820-ef232904554d,3,thank,0.8691254544876554,0.8263776290282496,-0.04274782545940581
1f506d3f-b34d-4657-9820-ef232904554d,4,letter,0.820870871200713,0.775834105913612,-0.04503676528710099
1f506d3f-b34d-4657-9820-ef232904554d,5,wedding,0.889597236174223,0.8305218086511946,-0.05907542752302841
21d20b0e-b89e-42a8-b0bb-cb8b2d2e35df,0,condolence,0.9342937847423273,0.8601132351012399,-0.07418054964108733
21d20b0e-b89e-42a8-b0bb-cb8b2d2e35df,1,apology,0.8502742400323768,0.8207341398106468,-0.029540100221730037
21d20b0e-b89e-42a8-b0bb-cb8b2d2e35df,2,wedding,0.8933280326363857,0.8422108219852514,-0.05111721065113428
21d20b0e-b89e-42a8-b0bb-cb8b2d2e35df,3,speech,0.8833770055526002,0.8310225551841561,-0.052354450368444105
28bc03dc-f524-4a10-b9aa-4368bd13df42,2,wedding,0.7870213638181279,0.8248437303916294,0.037822366573501465
28bc03dc-f524-4a10-b9aa-4368bd13df42,3,thank,0.7969207147871539,0.8263963107775478,0.029475595990393955
28bc03dc-f524-4a10-b9aa-4368bd13df42,4,letter,0.7372929759586314,0.7742153531485579,0.036922377189926525
28bc03dc-f524-4a10-b9aa-4368bd13df42,5,speech,0.7746136402907966,0.7929968394092448,0.018383199118448212
2af273f2-bea4-4638-9cd7-4a8d3a0b8f26,0,reassurance,0.8337226013942642,0.7848485226208892,-0.04887407877337502
2af273f2-bea4-4638-9cd7-4a8d3a0b8f26,1,apology,0.8137855399939107,0.8296863748439851,0.01590083485007443
2af273f2-bea4-4638-9cd7-4a8d3a0b8f26,2,thank,0.8392715479120025,0.8224688322299916,-0.01680271568201097
2af273f2-bea4-4638-9cd7-4a8d3a0b8f26,3,speech,0.8209244124111414,0.7739745206833891,-0.046949891727752324
32a9cad7-5b1c-480f-832c-1cedb782d226,2,reassurance,0.8175188765310855,0.8343174615032849,0.016798584972199437
32a9cad7-5b1c-480f-832c-1cedb782d226,3,eulogy,0.8624931342589044,0.8296233246238964,-0.03286980963500796
32a9cad7-5b1c-480f-832c-1cedb782d226,4,letter,0.8146529766531527,0.7756395043616121,-0.03901347229154062
32a9cad7-5b1c-480f-832c-1cedb782d226,5,thank,0.8205383103081588,0.8134631198692283,-0.0070751904389305675
354ff2f3-d1e5-40ee-9b32-f1c81c5d4df5,0,reassurance,0.8149801934728294,0.8206259081352997,0.005645714662470325
354ff2f3-d1e5-40ee-9b32-f1c81c5d4df5,1,thank,0.7580187569250048,0.8088533606548077,0.050834603729802974
354ff2f3-d1e5-40ee-9b32-f1c81c5d4df5,2,speech,0.8331973186523175,0.8576710011574665,0.02447368250514903
354ff2f3-d1e5-40ee-9b32-f1c81c5d4df5,3,wedding,0.8281817704126018,0.8276275564131785,-0.0005542139994232365
357b9f78-df87-4775-a67e-9a41bebbc02f,2,wedding,0.8264199241186541,0.8340758335837389,0.007655909465084876
357b9f78-df87-4775-a67e-9a41bebbc02f,3,speech,0.8332866799506691,0.8148256339455898,-0.01846104600507925
357b9f78-df87-4775-a67e-9a41bebbc02f,4,thank,0.8306586023055582,0.8377774726760056,0.007118870370447339
357b9f78-df87-4775-a67e-9a41bebbc02f,5,letter,0.8177274420983464,0.8303493851647727,0.012621943066426389
36f7c04d-9eb6-41fa-ae60-a6ad6fa1c429,2,letter,0.8415565882325091,0.8174279901465947,-0.024128598085914388
36f7c04d-9eb6-41fa-ae60-a6ad6fa1c429,3,reassurance,0.79635116228905,0.7813510389182213,-0.015000123370828677
36f7c04d-9eb6-41fa-ae60-a6ad6fa1c429,4,thank,0.8611163326875249,0.8160904048319164,-0.04502592785560844
36f7c04d-9eb6-41fa-ae60-a6ad6fa1c429,5,condolence,0.9123491463776652,0.8713242014875446,-0.04102494489012054
379876ef-ea66-4914-90c7-052d13ad9036,0,condolence,0.8802471394995972,0.841669620981681,-0.03857751851791624
379876ef-ea66-4914-90c7-052d13ad9036,1,letter,0.8577643626262319,0.8183263778519961,-0.03943798477423577
379876ef-ea66-4914-90c7-052d13ad9036,2,speech,0.8668696108727685,0.8101430077132914,-0.056726603159477085
379876ef-ea66-4914-90c7-052d13ad9036,3,eulogy,0.8739929079732613,0.8256440733078808,-0.048348834665380536
417a64ff-e3b5-45c1-a926-83e8b3897840,2,condolence,0.8462827840298339,0.835411600807696,-0.01087118322213787
417a64ff-e3b5-45c1-a926-83e8b3897840,3,letter,0.8348366005032076,0.8086821093384728,-0.026154491164734783
417a64ff-e3b5-45c1-a926-83e8b3897840,4,speech,0.846768306790721,0.8170448725609271,-0.029723434229793955
417a64ff-e3b5-45c1-a926-83e8b3897840,5,thank,0.8747839594002951,0.8394428917073604,-0.03534106769293466
47936247-3b3b-4aec-a540-0199ded5b35f,0,letter,0.8472307034051239,0.799249817988491,-0.04798088541663281
47936247-3b3b-4aec-a540-0199ded5b35f,1,reassurance,0.8932586922693476,0.8210978299385914,-0.07216086233075625
47936247-3b3b-4aec-a540-0199ded5b35f,2,apology,0.8170986184297861,0.8275347318337201,0.010436113403933911
47936247-3b3b-4aec-a540-0199ded5b35f,3,condolence,0.8294624899145928,0.8310184025121355,0.0015559125975427301
4cc3c761-a0ef-4a7d-b572-f933d9f34d7e,2,apology,0.8704367441699257,0.8433516346548424,-0.02708510951508325
4cc3c761-a0ef-4a7d-b572-f933d9f34d7e,3,speech,0.8972096726395142,0.8549797403976778,-0.042229932241836465
4cc3c761-a0ef-4a7d-b572-f933d9f34d7e,4,wedding,0.8462680470763557,0.8312220124483997,-0.015046034627956062
4cc3c761-a0ef-4a7d-b572-f933d9f34d7e,5,condolence,0.8993841584294242,0.8659531721167276,-0.03343098631269659
4d13e808-d845-407b-8891-abc4bbd755a3,0,reassurance,0.8652510400221667,0.8137752814956256,-0.05147575852654107
4d13e808-d845-407b-8891-abc4bbd755a3,1,wedding,0.8828693766376909,0.8311129445164133,-0.05175643212127767
4d13e808-d845-407b-8891-abc4bbd755a3,2,letter,0.8139727686186691,0.7930371241883104,-0.02093564443035867
4d13e808-d845-407b-8891-abc4bbd755a3,3,apology,0.8962118234902912,0.8332086298813255,-0.06300319360896567
54b36269-e8c7-475b-8d5c-8d028a523f32,2,speech,0.8578856308976295,0.8357719812912798,-0.02211364960634965
54b36269-e8c7-475b-8d5c-8d028a523f32,3,reassurance,0.809594733857459,0.7915560817583807,-0.01803865209907829
54b36269-e8c7-475b-8d5c-8d028a523f32,4,thank,0.8457155543630102,0.815042138471199,-0.030673415891811162
54b36269-e8c7-475b-8d5c-8d028a523f32,5,wedding,0.877216122331222,0.8279246186923214,-0.04929150363890067
572392a4-224e-4261-ad20-1c06fabc9220,0,speech,0.8123921104686458,0.8131777468921235,0.0007856364234777313
572392a4-224e-4261-ad20-1c06fabc9220,1,reassurance,0.7814378316170649,0.772238664967801,-0.009199166649263901
572392a4-224e-4261-ad20-1c06fabc9220,2,wedding,0.8442902927024587,0.8349514789164278,-0.009338813786030853
572392a4-224e-4261-ad20-1c06fabc9220,3,apology,0.7995143729920682,0.8099280283730952,0.01041365538102701
57f6eb08-1334-4d1d-b32e-7ead2fae69b5,0,speech,0.8200392063148505,0.8119373005862037,-0.008101905728646774
57f6eb08-1334-4d1d-b32e-7ead2fae69b5,1,apology,0.8300342741859849,0.8452360770424173,0.015201802856432467
57f6eb08-1334-4d1d-b32e-7ead2fae69b5,2,thank,0.8138870908654529,0.8181164556388527,0.004229364773399857
57f6eb08-1334-4d1d-b32e-7ead2fae69b5,3,wedding,0.8529525177091593,0.8266826602190788,-0.026269857490080484
58a194df-223f-48a6-b63e-6dd56c0f2b57,2,thank,0.8755422737721645,0.8575007423744584,-0.018041531397706145
58a194df-223f-48a6-b63e-6dd56c0f2b57,3,wedding,0.8854472375000232,0.8479206114724611,-0.03752662602756207
58a194df-223f-48a6-b63e-6dd56c0f2b57,4,letter,0.7776819682830646,0.7707743961536639,-0.00690757212940063
58a194df-223f-48a6-b63e-6dd56c0f2b57,5,speech,0.8398707361768838,0.8200778518928139,-0.01979288428406989
5ebe55d9-ec28-4e1f-bba3-3e309275a847,2,eulogy,0.9169919653171428,0.8394458659874967,-0.07754609932964607
5ebe55d9-ec28-4e1f-bba3-3e309275a847,3,speech,0.8357973500331755,0.834763919149708,-0.0010334308834674122
5ebe55d9-ec28-4e1f-bba3-3e309275a847,4,thank,0.8586354773627157,0.8520612014397833,-0.006574275922932471
5ebe55d9-ec28-4e1f-bba3-3e309275a847,5,wedding,0.8188528530310046,0.8222754396175294,0.003422586586524723
6003984f-f1dd-4a12-a9fb-e0031f48832d,2,letter,0.7985009165877033,0.764862462085492,-0.03363845450221126
6003984f-f1dd-4a12-a9fb-e0031f48832d,3,speech,0.8661815292946622,0.8233185667110405,-0.042862962583621655
6003984f-f1dd-4a12-a9fb-e0031f48832d,4,apology,0.8836306336776248,0.8327358846757292,-0.05089474900189561
6003984f-f1dd-4a12-a9fb-e0031f48832d,5,wedding,0.8565039561856788,0.8146776475477184,-0.04182630863796033
601a6b65-1891-482f-ba3c-46db6c722f4a,2,letter,0.7722957517116067,0.7681544367887148,-0.004141314922891937
601a6b65-1891-482f-ba3c-46db6c722f4a,3,condolence,0.8825923381319197,0.8520638972554215,-0.030528440876498197
601a6b65-1891-482f-ba3c-46db6c722f4a,4,reassurance,0.7829115304553724,0.7808842869451125,-0.0020272435102599573
601a6b65-1891-482f-ba3c-46db6c722f4a,5,thank,0.8222394317381636,0.8107218536295496,-0.01151757810861398
633b5061-eafb-439d-acc4-be045cbf249b,0,reassurance,0.8211409452295826,0.7903674500354232,-0.030773495194159395
633b5061-eafb-439d-acc4-be045cbf249b,1,condolence,0.8368673348820783,0.8103662278277103,-0.026501107054368034
633b5061-eafb-439d-acc4-be045cbf249b,2,thank,0.8692261642092964,0.8148235278957674,-0.05440263631352904
633b5061-eafb-439d-acc4-be045cbf249b,3,letter,0.8172279899562367,0.8077983680039498,-0.009429621952286915
6998773e-d1b4-4b6d-ac29-f75d132ecb89,2,reassurance,0.8237412525438644,0.7841314360525049,-0.03960981649135953
6998773e-d1b4-4b6d-ac29-f75d132ecb89,3,letter,0.8918835741133159,0.8393211662474089,-0.052562407865906935
6998773e-d1b4-4b6d-ac29-f75d132ecb89,4,wedding,0.9090413673931361,0.851651499055485,-0.05738986833765114
6998773e-d1b4-4b6d-ac29-f75d132ecb89,5,apology,0.8549686506069782,0.8327191606206258,-0.022249489986352455
6c6c9fd2-8452-4e83-975b-1b6a489f13eb,2,speech,0.8390657423521155,0.8264103866500438,-0.012655355702071658
6c6c9fd2-8452-4e83-975b-1b6a489f13eb,3,thank,0.8206057006769422,0.8135672006938339,-0.007038499983108237
6c6c9fd2-8452-4e83-975b-1b6a489f13eb,4,apology,0.8681792662601807,0.8588247456593383,-0.009354520600842409
6c6c9fd2-8452-4e83-975b-1b6a489f13eb,5,wedding,0.8286520357366374,0.8191562412080472,-0.009495794528590173
6c9db161-b8da-48f4-a9ba-f740f5ab9d93,2,apology,0.7632288521668136,0.8031407210027062,0.039911868835892594
6c9db161-b8da-48f4-a9ba-f740f5ab9d93,3,letter,0.7223982857468824,0.782170702648525,0.05977241690164259
6c9db161-b8da-48f4-a9ba-f740f5ab9d93,4,thank,0.8058034653142394,0.8118660065620376,0.006062541247798148
6c9db161-b8da-48f4-a9ba-f740f5ab9d93,5,condolence,0.8206590186003457,0.8339991521936974,0.013340133593351622
702965f6-e3c0-4fd0-beab-2b57d2e90797,0,condolence,0.8739559008512123,0.7968528772627435,-0.07710302358846888
702965f6-e3c0-4fd0-beab-2b57d2e90797,1,reassurance,0.8428235781890798,0.7847707046553032,-0.05805287353377664
702965f6-e3c0-4fd0-beab-2b57d2e90797,2,eulogy,0.8257288870450497,0.8072026713665468,-0.018526215678502878
702965f6-e3c0-4fd0-beab-2b57d2e90797,3,speech,0.8591837917176957,0.8343247544093637,-0.024859037308331944
70d867de-7bf1-479e-b0df-f2791efc2269,2,apology,0.842124209148915,0.8279323226773938,-0.014191886471521142
70d867de-7bf1-479e-b0df-f2791efc2269,3,reassurance,0.8407526166828907,0.7893486411000413,-0.05140397558284937
70d867de-7bf1-479e-b0df-f2791efc2269,4,wedding,0.8838016110301099,0.8509600245362462,-0.032841586493863706
70d867de-7bf1-479e-b0df-f2791efc2269,5,speech,0.8990818515864332,0.8528507875662861,-0.046231064020147095
79e9c336-6d58-4da1-a022-64dc69586c6e,0,letter,0.8078072998496492,0.77509919452978,-0.03270810531986912
79e9c336-6d58-4da1-a022-64dc69586c6e,1,reassurance,0.837072952020391,0.8002629538881934,-0.03680999813219765
79e9c336-6d58-4da1-a022-64dc69586c6e,2,condolence,0.8539136668071596,0.810610961955922,-0.04330270485123766
79e9c336-6d58-4da1-a022-64dc69586c6e,3,thank,0.8598162003057407,0.8184408790627046,-0.04137532124303611
7e876183-c6fa-4de5-b0b3-4e06019dc486,2,apology,0.8858680503128049,0.8398725457693341,-0.04599550454347079
7e876183-c6fa-4de5-b0b3-4e06019dc486,3,wedding,0.8654268361581432,0.8266679505145497,-0.03875888564359353
7e876183-c6fa-4de5-b0b3-4e06019dc486,4,thank,0.8684594165510168,0.8133470708526932,-0.05511234569832357
7e876183-c6fa-4de5-b0b3-4e06019dc486,5,condolence,0.8555048371274818,0.8401302572429312,-0.015374579884550599
87c461ed-6bbd-4205-b25a-1d517a9a16e5,2,reassurance,0.7944752210296715,0.7770546328653574,-0.017420588164314132
87c461ed-6bbd-4205-b25a-1d517a9a16e5,3,condolence,0.8500450992229678,0.8503372551796463,0.00029215595667853034
87c461ed-6bbd-4205-b25a-1d517a9a16e5,4,thank,0.8515028786192675,0.856345620177757,0.004842741558489405
87c461ed-6bbd-4205-b25a-1d517a9a16e5,5,apology,0.8107838335099031,0.8239397118844256,0.013155878374522478
8891e9bd-553c-4445-8692-af9aa1df345b,2,thank,0.8537709430934775,0.8328379937470389,-0.020932949346438523
8891e9bd-553c-4445-8692-af9aa1df345b,3,speech,0.8826307261415527,0.8577243825472733,-0.024906343594279345
8891e9bd-553c-4445-8692-af9aa1df345b,4,apology,0.8729129569079161,0.8380514954631837,-0.034861461444732456
8891e9bd-553c-4445-8692-af9aa1df345b,5,letter,0.8232102146327913,0.7863907984110086,-0.03681941622178275
8ae99e0d-dea4-4a4b-accb-1145d983f09a,2,thank,0.8010966493629017,0.8238835018984052,0.0227868525355035
8ae99e0d-dea4-4a4b-accb-1145d983f09a,3,speech,0.7591431238232995,0.8189840574686904,0.05984093364539089
8ae99e0d-dea4-4a4b-accb-1145d983f09a,4,letter,0.7606352988417819,0.7630698843288336,0.002434585487051666
8ae99e0d-dea4-4a4b-accb-1145d983f09a,5,apology,0.7705128285725398,0.7858570667644762,0.015344238191936421
8ba8d7da-bbcf-44c8-8887-d6b083446deb,0,thank,0.8152578025082954,0.8294818087829686,0.01422400627467324
8ba8d7da-bbcf-44c8-8887-d6b083446deb,1,apology,0.8291160200948862,0.8235105636928453,-0.005605456402040909
8ba8d7da-bbcf-44c8-8887-d6b083446deb,2,speech,0.7555480329532276,0.8025266246360427,0.04697859168281515
8ba8d7da-bbcf-44c8-8887-d6b083446deb,3,condolence,0.7897611738986419,0.826479561052037,0.03671838715339515
8c1d839b-8bda-45bf-a466-1ecd1270be13,0,letter,0.8463363454637932,0.7541608978670548,-0.09217544759673846
8c1d839b-8bda-45bf-a466-1ecd1270be13,1,speech,0.8459967817173736,0.8259822548032609,-0.02001452691411265
8c1d839b-8bda-45bf-a466-1ecd1270be13,2,reassurance,0.8233767903627849,0.8098755563462017,-0.013501234016583208
8c1d839b-8bda-45bf-a466-1ecd1270be13,3,thank,0.8268662243834499,0.7872634048240492,-0.039602819559400704
93919296-449e-4498-9198-8f21282f387e,2,thank,0.8013120675243598,0.8107268413726547,0.009414773848294922
93919296-449e-4498-9198-8f21282f387e,3,reassurance,0.8043264035345352,0.8059121752671705,0.0015857717326352994
93919296-449e-4498-9198-8f21282f387e,4,speech,0.8458653526665818,0.7982775173912107,-0.04758783527537114
93919296-449e-4498-9198-8f21282f387e,5,apology,0.8418323172943083,0.8291739181299429,-0.012658399164365397
93d4e6ef-1df0-4690-a934-51f2ff067a1f,0,reassurance,0.7540606044642246,0.7974441897769098,0.04338358531268516
93d4e6ef-1df0-4690-a934-51f2ff067a1f,1,condolence,0.858027001835795,0.8579496283184396,-7.737351735537246e-05
93d4e6ef-1df0-4690-a934-51f2ff067a1f,2,apology,0.7610509808125031,0.8065652886098149,0.045514307797311804
93d4e6ef-1df0-4690-a934-51f2ff067a1f,3,thank,0.7864556598635429,0.8167300751631729,0.03027441529962993
946ad540-3b18-4f52-96e9-9134d4ec9878,0,letter,0.7978440579322545,0.7791625289598187,-0.0186815289724358
946ad540-3b18-4f52-96e9-9134d4ec9878,1,apology,0.8589640138050327,0.8397252652503404,-0.01923874855469232
946ad540-3b18-4f52-96e9-9134d4ec9878,2,speech,0.8233593367357954,0.7900964298252784,-0.03326290691051703
946ad540-3b18-4f52-96e9-9134d4ec9878,3,condolence,0.8463121380306619,0.8403033859899025,-0.0060087520407593464
9473c36d-e078-4a5b-a106-a4de719f1c1b,0,thank,0.8520224418401903,0.851069345441313,-0.0009530963988773067
9473c36d-e078-4a5b-a106-a4de719f1c1b,1,apology,0.8226043089641722,0.810010397592724,-0.012593911371448274
9473c36d-e078-4a5b-a106-a4de719f1c1b,2,reassurance,0.837785447503048,0.8250676627264202,-0.012717784776627772
9473c36d-e078-4a5b-a106-a4de719f1c1b,3,wedding,0.8126006049050996,0.788412283171611,-0.024188321733488505
95648190-a022-43f7-a299-7d7c22e55289,2,letter,0.8564484946799262,0.8022615675508634,-0.05418692712906281
95648190-a022-43f7-a299-7d7c22e55289,3,apology,0.8845024015524674,0.8147186870780476,-0.06978371447441978
95648190-a022-43f7-a299-7d7c22e55289,4,eulogy,0.8868648486111604,0.8251855011684246,-0.06167934744273584
95648190-a022-43f7-a299-7d7c22e55289,5,wedding,0.8550524707365506,0.8445214178258983,-0.010531052910652261
99d7de62-94ed-4cc5-99bf-dbb5974df705,2,letter,0.8774224325812945,0.7469624972452544,-0.13045993533604006
99d7de62-94ed-4cc5-99bf-dbb5974df705,3,thank,0.9133629450507932,0.7722007939668953,-0.14116215108389785
99d7de62-94ed-4cc5-99bf-dbb5974df705,4,wedding,0.9166311604849087,0.7995446332190712,-0.11708652726583746
99d7de62-94ed-4cc5-99bf-dbb5974df705,5,speech,0.9004312097340665,0.7862069854349797,-0.11422422429908685
9c117e71-7c5a-42b2-8767-9a3cbedc17d9,2,thank,0.8514413101549154,0.7978860818040996,-0.05355522835081583
9c117e71-7c5a-42b2-8767-9a3cbedc17d9,3,condolence,0.8224775701371223,0.8040233363320632,-0.01845423380505906
9c117e71-7c5a-42b2-8767-9a3cbedc17d9,4,letter,0.8091965325777422,0.7929405551429257,-0.016255977434816438
9c117e71-7c5a-42b2-8767-9a3cbedc17d9,5,speech,0.8052160660588745,0.7983827077382004,-0.00683335832067411
9d164220-c497-48ff-8497-55c050213e55,2,reassurance,0.7687495897443326,0.7812110828552072,0.012461493110874633
9d164220-c497-48ff-8497-55c050213e55,3,thank,0.7788224646679143,0.8228152262154158,0.043992761547501535
9d164220-c497-48ff-8497-55c050213e55,4,apology,0.7925167069108126,0.8221736454473019,0.02965693853648932
9d164220-c497-48ff-8497-55c050213e55,5,condolence,0.805842968712333,0.8400418362865866,0.03419886757425361
a03e9b46-d5c1-401e-ba35-3746d2880c76,2,reassurance,0.8675648522871506,0.8253224027781474,-0.042242449509003244
a03e9b46-d5c1-401e-ba35-3746d2880c76,3,apology,0.8934403743184081,0.8617444809432641,-0.031695893375144
a03e9b46-d5c1-401e-ba35-3746d2880c76,4,speech,0.8557896587005371,0.8203558700778183,-0.03543378862271884
a03e9b46-d5c1-401e-ba35-3746d2880c76,5,thank,0.8830639640733662,0.8466876126139926,-0.03637635145937357
a1a47852-cad9-495d-a871-6797dc780d4f,2,thank,0.9092276027207548,0.8667315589472931,-0.04249604377346161
a1a47852-cad9-495d-a871-6797dc780d4f,3,speech,0.8718407536783828,0.8323730354358598,-0.03946771824252293
a1a47852-cad9-495d-a871-6797dc780d4f,4,condolence,0.8882191218920236,0.8442007448194044,-0.04401837707261913
a1a47852-cad9-495d-a871-6797dc780d4f,5,letter,0.8185836642076094,0.8001415972074091,-0.018442067000200346
a65fbf73-ac73-4c89-8477-fe2768a27dd5,2,reassurance,0.8477583969874343,0.832924115062014,-0.014834281925420245
a65fbf73-ac73-4c89-8477-fe2768a27dd5,3,eulogy,0.8300924756423091,0.8013983383503813,-0.028694137291927824
a65fbf73-ac73-4c89-8477-fe2768a27dd5,4,speech,0.837195934981871,0.8314430578036628,-0.00575287717820816
a65fbf73-ac73-4c89-8477-fe2768a27dd5,5,thank,0.7928049558942607,0.778423704178343,-0.014381251715917753
a66edf01-fecd-4939-a982-b7c6684d7a29,0,wedding,0.8922353072266468,0.8358650743408976,-0.05637023288574916
a66edf01-fecd-4939-a982-b7c6684d7a29,1,condolence,0.9021823155388806,0.8592647886467184,-0.04291752689216222
a66edf01-fecd-4939-a982-b7c6684d7a29,2,apology,0.8807383745134134,0.8370031934500599,-0.0437351810633535
a66edf01-fecd-4939-a982-b7c6684d7a29,3,thank,0.8734919341816249,0.822012402684036,-0.05147953149758888
ad73f9f4-5813-4fcc-b875-4ccc998f95b7,2,thank,0.8221245372146637,0.8093325296052807,-0.012792007609383038
ad73f9f4-5813-4fcc-b875-4ccc998f95b7,3,letter,0.8038718806242028,0.7993289646610904,-0.004542915963112404
ad73f9f4-5813-4fcc-b875-4ccc998f95b7,4,apology,0.82582046058195,0.8388704100461105,0.013049949464160493
ad73f9f4-5813-4fcc-b875-4ccc998f95b7,5,reassurance,0.8021898794838358,0.8326159661483237,0.030426086664487872
b417dba7-2b67-4496-b985-fc67c15aa748,0,reassurance,0.8557150546842801,0.7938602508983845,-0.061854803785895585
b417dba7-2b67-4496-b985-fc67c15aa748,1,letter,0.8256046145123351,0.7612594218753133,-0.06434519263702188
b417dba7-2b67-4496-b985-fc67c15aa748,2,thank,0.8980014062119382,0.8110219610138648,-0.08697944519807344
b417dba7-2b67-4496-b985-fc67c15aa748,3,condolence,0.8995185052780164,0.8462803719991581,-0.05323813327885829
bcf3699f-b36e-4652-a117-7e1de296c0f3,0,apology,0.8522660137221755,0.8243524871896252,-0.027913526532550303
bcf3699f-b36e-4652-a117-7e1de296c0f3,1,thank,0.8597454121787884,0.8337192715694343,-0.026026140609354154
bcf3699f-b36e-4652-a117-7e1de296c0f3,2,letter,0.8036801544182877,0.7946425267658134,-0.00903762765247429
bcf3699f-b36e-4652-a117-7e1de296c0f3,3,reassurance,0.8137028367897728,0.7867480776695205,-0.02695475912025236
c457e22c-d7ad-4ba6-a5eb-457b445a6415,2,condolence,0.863660859298747,0.8541092202194462,-0.009551639079300789
c457e22c-d7ad-4ba6-a5eb-457b445a6415,3,letter,0.8063441303302696,0.7766535847432064,-0.02969054558706319
c457e22c-d7ad-4ba6-a5eb-457b445a6415,4,eulogy,0.8379540875938672,0.8034139583262057,-0.03454012926766159
c457e22c-d7ad-4ba6-a5eb-457b445a6415,5,apology,0.8966645595462315,0.8338342190737162,-0.06283034047251523
c558e2d5-8448-41bb-9b4d-279a0ac50263,2,thank,0.8859188524791239,0.8233616231873,-0.06255722929182395
c558e2d5-8448-41bb-9b4d-279a0ac50263,3,condolence,0.8688233547306736,0.8215868195110954,-0.04723653521957827
c558e2d5-8448-41bb-9b4d-279a0ac50263,4,apology,0.8713912152719185,0.8269121921356538,-0.04447902313626473
c558e2d5-8448-41bb-9b4d-279a0ac50263,5,reassurance,0.8234032650747543,0.7574539693671685,-0.06594929570758579
c649bdf1-c479-449c-91bb-eb0986daa185,0,thank,0.8604375805901447,0.8487022101375838,-0.0117353704525609
c649bdf1-c479-449c-91bb-eb0986daa185,1,condolence,0.8437220688322873,0.8499681822698146,0.006246113437527345
c649bdf1-c479-449c-91bb-eb0986daa185,2,wedding,0.8159486020535728,0.8202881176161035,0.00433951556253076
c649bdf1-c479-449c-91bb-eb0986daa185,3,apology,0.865944528171617,0.826631433968387,-0.03931309420323004
c95c8274-9889-4d96-b769-5af9729da064,2,apology,0.8575108119469104,0.8470922953166898,-0.010418516630220531
c95c8274-9889-4d96-b769-5af9729da064,3,letter,0.8088027626348655,0.8120083745220018,0.003205611887136306
c95c8274-9889-4d96-b769-5af9729da064,4,thank,0.859093935744185,0.8382809165047498,-0.020813019239435238
c95c8274-9889-4d96-b769-5af9729da064,5,speech,0.8464276087869866,0.8241800570179233,-0.022247551769063345
c9afe4ed-b46e-4919-a89b-9c3639640775,2,apology,0.8820116607130224,0.8392756307153031,-0.042736029997719305
c9afe4ed-b46e-4919-a89b-9c3639640775,3,thank,0.8982111137727157,0.8531580507128391,-0.04505306305987655
c9afe4ed-b46e-4919-a89b-9c3639640775,4,letter,0.8356348748418857,0.7913979468824366,-0.04423692795944911
c9afe4ed-b46e-4919-a89b-9c3639640775,5,speech,0.8254073970528191,0.8029137505915751,-0.022493646461243966
cb6b9158-75df-42e4-92ac-d2e2d03e66a7,0,speech,0.8050211142645434,0.799110277617576,-0.0059108366469673435
cb6b9158-75df-42e4-92ac-d2e2d03e66a7,1,reassurance,0.8829306952375293,0.8254409361736817,-0.05748975906384757
cb6b9158-75df-42e4-92ac-d2e2d03e66a7,2,wedding,0.873985346231533,0.8245188790563546,-0.04946646717517844
cb6b9158-75df-42e4-92ac-d2e2d03e66a7,3,apology,0.8874672961829091,0.8386452572704066,-0.048822038912502475
d1850bd6-2dc4-4a79-9b27-da09d1ccb338,2,letter,0.8022712132157427,0.8134623797866745,0.011191166570931776
d1850bd6-2dc4-4a79-9b27-da09d1ccb338,3,thank,0.9268454421525438,0.8696626120576074,-0.05718283009493641
d1850bd6-2dc4-4a79-9b27-da09d1ccb338,4,wedding,0.8983047640581048,0.8473377733772434,-0.05096699068086141
d1850bd6-2dc4-4a79-9b27-da09d1ccb338,5,apology,0.9174039096034056,0.8633805928503989,-0.054023316753006645
d1df814b-04d7-45ef-afa9-19333672b460,2,wedding,0.7698550099390291,0.8088271441413262,0.03897213420229706
d1df814b-04d7-45ef-afa9-19333672b460,3,speech,0.7912058779104874,0.8230240018603254,0.03181812394983807
d1df814b-04d7-45ef-afa9-19333672b460,4,reassurance,0.7820927018780892,0.7969995026813723,0.014906800803283105
d1df814b-04d7-45ef-afa9-19333672b460,5,letter,0.7660591117752733,0.7864403587145558,0.02038124693928245
df299e8f-5085-44ff-95c9-6de38dbb72a4,2,letter,0.7901349066129908,0.7595089745487937,-0.03062593206419706
df299e8f-5085-44ff-95c9-6de38dbb72a4,3,thank,0.8100635853932423,0.7872646865717035,-0.02279889882153885
df299e8f-5085-44ff-95c9-6de38dbb72a4,4,wedding,0.8667449429246007,0.8321782912570276,-0.03456665166757311
df299e8f-5085-44ff-95c9-6de38dbb72a4,5,condolence,0.8045882140355586,0.793720134480863,-0.010868079554695598
e04e957f-4182-4050-8a59-10c546f3c4be,2,eulogy,0.8605914872939296,0.808766640661084,-0.0518248466328457
e04e957f-4182-4050-8a59-10c546f3c4be,3,letter,0.847084091478202,0.8248959677805038,-0.02218812369769818
e04e957f-4182-4050-8a59-10c546f3c4be,4,reassurance,0.8167937479863818,0.770172083830183,-0.04662166415619884
e04e957f-4182-4050-8a59-10c546f3c4be,5,speech,0.8724445757355044,0.8383540511730322,-0.03409052456247219
e181c353-09f4-402b-b7e5-c62f87df85f5,2,speech,0.8063962337071057,0.833595989524946,0.027199755817840288
e181c353-09f4-402b-b7e5-c62f87df85f5,3,thank,0.8388101720864476,0.8355039845342459,-0.0033061875522016893
e181c353-09f4-402b-b7e5-c62f87df85f5,4,letter,0.7943542157110106,0.8226420597042174,0.02828784399320683
e181c353-09f4-402b-b7e5-c62f87df85f5,5,condolence,0.8408570161744167,0.8600436124634783,0.019186596289061608
e796692a-297a-495e-a059-f32263c2c073,0,apology,0.8263337768867256,0.8208628510512123,-0.0054709258355133406
e796692a-297a-495e-a059-f32263c2c073,1,thank,0.8189224440126559,0.816323886307506,-0.0025985577051499398
e796692a-297a-495e-a059-f32263c2c073,2,speech,0.8040261185628775,0.8123372590508401,0.008311140487962554
e796692a-297a-495e-a059-f32263c2c073,3,reassurance,0.7952399112436084,0.7967347800718523,0.0014948688282439004
e914a063-af74-4e82-9fae-a27aa34cf284,2,speech,0.8603031348523693,0.7965634403697919,-0.06373969448257744
e914a063-af74-4e82-9fae-a27aa34cf284,3,apology,0.9030825465011627,0.8410418416757384,-0.06204070482542434
e914a063-af74-4e82-9fae-a27aa34cf284,4,letter,0.8138154408358852,0.7839243749465112,-0.029891065889373958
e914a063-af74-4e82-9fae-a27aa34cf284,5,thank,0.8929668785591667,0.8239347623980009,-0.06903211616116578
e9c4bc43-6f2f-4b3f-8ab0-f20947fd04f9,2,wedding,0.8355308023773093,0.8372539834577702,0.0017231810804609893
e9c4bc43-6f2f-4b3f-8ab0-f20947fd04f9,3,thank,0.7842883159526167,0.7927023041159809,0.008413988163364139
e9c4bc43-6f2f-4b3f-8ab0-f20947fd04f9,4,reassurance,0.7948839847199008,0.8035185049382942,0.008634520218393393
e9c4bc43-6f2f-4b3f-8ab0-f20947fd04f9,5,letter,0.8326391077218072,0.74828485363908,-0.08435425408272712
ec874e47-e1e7-400a-b8c2-057063b54e63,2,speech,0.8398409243787579,0.7943763259491342,-0.04546459842962369
ec874e47-e1e7-400a-b8c2-057063b54e63,3,letter,0.7934807242036279,0.7665152822632816,-0.026965441940346335
ec874e47-e1e7-400a-b8c2-057063b54e63,4,apology,0.8915772021028769,0.8316140987597489,-0.059963103343128044
ec874e47-e1e7-400a-b8c2-057063b54e63,5,reassurance,0.882171648291975,0.770687833394103,-0.11148381489787207
edb2f8e7-ab70-4257-8246-bf4352832807,0,condolence,0.8026525556397476,0.8241810447214266,0.021528489081679036
edb2f8e7-ab70-4257-8246-bf4352832807,1,letter,0.7382309748057616,0.7772872033916054,0.03905622858584379
edb2f8e7-ab70-4257-8246-bf4352832807,2,eulogy,0.7441336919531605,0.7659426142305378,0.021808922277377296
edb2f8e7-ab70-4257-8246-bf4352832807,3,speech,0.7565255458284325,0.772099119471304,0.015573573642871597
f34cb204-36d3-4051-9ae0-0969882d1cda,2,letter,0.7182731812362297,0.8004067941530628,0.08213361291683308
f34cb204-36d3-4051-9ae0-0969882d1cda,3,condolence,0.6972206980244307,0.7812505992791816,0.08402990125475096
f34cb204-36d3-4051-9ae0-0969882d1cda,4,apology,0.6355970481039528,0.7720527511894566,0.1364557030855038
f34cb204-36d3-4051-9ae0-0969882d1cda,5,speech,0.7346158806562497,0.8312671989543248,0.09665131829807505
f35a5d38-18e0-4c01-8a53-13fc23a63680,2,letter,0.7935564010673266,0.7911627457851613,-0.0023936552821652857
f35a5d38-18e0-4c01-8a53-13fc23a63680,3,reassurance,0.8844718149572233,0.8309849553505473,-0.053486859606675985
f35a5d38-18e0-4c01-8a53-13fc23a63680,4,speech,0.8508955264772275,0.8360949543567081,-0.01480057212051944
f35a5d38-18e0-4c01-8a53-13fc23a63680,5,thank,0.8480386392473651,0.838098618789704,-0.00994002045766107
f5d09877-f461-4169-a291-79c17218071d,2,wedding,0.7511939687460584,0.7701963665405367,0.01900239779447832
f5d09877-f461-4169-a291-79c17218071d,3,apology,0.7797514548032375,0.7661265169454353,-0.013624937857802166
f5d09877-f461-4169-a291-79c17218071d,4,eulogy,0.7944473677005988,0.7902167488520868,-0.004230618848511947
f5d09877-f461-4169-a291-79c17218071d,5,letter,0.8400792687504977,0.8299012974656703,-0.010177971284827336
f7e55f3c-94b2-4e45-b8c2-e0ef967715ae,0,apology,0.8319737589717023,0.7962783566144197,-0.035695402357282635
f7e55f3c-94b2-4e45-b8c2-e0ef967715ae,1,letter,0.801752067033207,0.7922454861777419,-0.009506580855465074
f7e55f3c-94b2-4e45-b8c2-e0ef967715ae,2,speech,0.8455190913307666,0.8217217123903943,-0.02379737894037237
f7e55f3c-94b2-4e45-b8c2-e0ef967715ae,3,condolence,0.8538173312748206,0.8289601944923841,-0.024857136782436506
fd93ee7a-8e03-4ead-8a80-9847e589e01e,0,condolence,0.8633615471662468,0.8486814239728414,-0.014680123193405392
fd93ee7a-8e03-4ead-8a80-9847e589e01e,1,thank,0.8515017719039764,0.8412871142813494,-0.010214657622626966
fd93ee7a-8e03-4ead-8a80-9847e589e01e,2,letter,0.7919157142130386,0.7920524362669128,0.00013672205387416092
fd93ee7a-8e03-4ead-8a80-9847e589e01e,3,speech,0.8381609142736668,0.8337141464750925,-0.004446767798574336
fe48cc42-b6f0-41a3-b2a0-0c3a1d733997,0,wedding,0.8305161474358937,0.807722851945881,-0.022793295490012744
fe48cc42-b6f0-41a3-b2a0-0c3a1d733997,1,apology,0.8726814889421046,0.81024810694679,-0.062433381995314674
fe48cc42-b6f0-41a3-b2a0-0c3a1d733997,2,speech,0.8323457485970829,0.8102355736526912,-0.022110174944391714
fe48cc42-b6f0-41a3-b2a0-0c3a1d733997,3,thank,0.8646170777163439,0.8074138878356318,-0.057203189880712046
