embedding_key,participant_id,task_key,scenario,text_type
03acc614-1708-42a6-b142-9ef7a0f0ce4e::combined_controls::control_reference,03acc614-1708-42a6-b142-9ef7a0f0ce4e,combined_controls,multiple,control_reference
03acc614-1708-42a6-b142-9ef7a0f0ce4e::0::ai_draft,03acc614-1708-42a6-b142-9ef7a0f0ce4e,0,thank,ai_draft
03acc614-1708-42a6-b142-9ef7a0f0ce4e::0::edited_text,03acc614-1708-42a6-b142-9ef7a0f0ce4e,0,thank,edited_text
03acc614-1708-42a6-b142-9ef7a0f0ce4e::1::ai_draft,03acc614-1708-42a6-b142-9ef7a0f0ce4e,1,wedding,ai_draft
03acc614-1708-42a6-b142-9ef7a0f0ce4e::1::edited_text,03acc614-1708-42a6-b142-9ef7a0f0ce4e,1,wedding,edited_text
03acc614-1708-42a6-b142-9ef7a0f0ce4e::2::ai_draft,03acc614-1708-42a6-b142-9ef7a0f0ce4e,2,apology,ai_draft
03acc614-1708-42a6-b142-9ef7a0f0ce4e::2::edited_text,03acc614-1708-42a6-b142-9ef7a0f0ce4e,2,apology,edited_text
03acc614-1708-42a6-b142-9ef7a0f0ce4e::3::ai_draft,03acc614-1708-42a6-b142-9ef7a0f0ce4e,3,letter,ai_draft
03acc614-1708-42a6-b142-9ef7a0f0ce4e::3::edited_text,03acc614-1708-42a6-b142-9ef7a0f0ce4e,3,letter,edited_text
06285a67-fbc5-4673-9f1b-3e20aff3562f::combined_controls::control_reference,06285a67-fbc5-4673-9f1b-3e20aff3562f,combined_controls,multiple,control_reference
06285a67-fbc5-4673-9f1b-3e20aff3562f::0::ai_draft,06285a67-fbc5-4673-9f1b-3e20aff3562f,0,wedding,ai_draft
06285a67-fbc5-4673-9f1b-3e20aff3562f::0::edited_text,06285a67-fbc5-4673-9f1b-3e20aff3562f,0,wedding,edited_text
06285a67-fbc5-4673-9f1b-3e20aff3562f::1::ai_draft,06285a67-fbc5-4673-9f1b-3e20aff3562f,1,speech,ai_draft
06285a67-fbc5-4673-9f1b-3e20aff3562f::1::edited_text,06285a67-fbc5-4673-9f1b-3e20aff3562f,1,speech,edited_text
06285a67-fbc5-4673-9f1b-3e20aff3562f::2::ai_draft,06285a67-fbc5-4673-9f1b-3e20aff3562f,2,condolence,ai_draft
06285a67-fbc5-4673-9f1b-3e20aff3562f::2::edited_text,06285a67-fbc5-4673-9f1b-3e20aff3562f,2,condolence,edited_text
06285a67-fbc5-4673-9f1b-3e20aff3562f::3::ai_draft,06285a67-fbc5-4673-9f1b-3e20aff3562f,3,eulogy,ai_draft
06285a67-fbc5-4673-9f1b-3e20aff3562f::3::edited_text,06285a67-fbc5-4673-9f1b-3e20aff3562f,3,eulogy,edited_text
0a303467-79b1-4641-9591-8c3a36f50413::combined_controls::control_reference,0a303467-79b1-4641-9591-8c3a36f50413,combined_controls,multiple,control_reference
0a303467-79b1-4641-9591-8c3a36f50413::2::ai_draft,0a303467-79b1-4641-9591-8c3a36f50413,2,reassurance,ai_draft
0a303467-79b1-4641-9591-8c3a36f50413::2::edited_text,0a303467-79b1-4641-9591-8c3a36f50413,2,reassurance,edited_text
0a303467-79b1-4641-9591-8c3a36f50413::3::ai_draft,0a303467-79b1-4641-9591-8c3a36f50413,3,wedding,ai_draft
0a303467-79b1-4641-9591-8c3a36f50413::3::edited_text,0a303467-79b1-4641-9591-8c3a36f50413,3,wedding,edited_text
0a303467-79b1-4641-9591-8c3a36f50413::4::ai_draft,0a303467-79b1-4641-9591-8c3a36f50413,4,thank,ai_draft
0a303467-79b1-4641-9591-8c3a36f50413::4::edited_text,0a303467-79b1-4641-9591-8c3a36f50413,4,thank,edited_text
0a303467-79b1-4641-9591-8c3a36f50413::5::ai_draft,0a303467-79b1-4641-9591-8c3a36f50413,5,speech,ai_draft
0a303467-79b1-4641-9591-8c3a36f50413::5::edited_text,0a303467-79b1-4641-9591-8c3a36f50413,5,speech,edited_text
0c529ac4-63ef-47e4-a8be-91a12f63242d::combined_controls::control_reference,0c529ac4-63ef-47e4-a8be-91a12f63242d,combined_controls,multiple,control_reference
0c529ac4-63ef-47e4-a8be-91a12f63242d::2::ai_draft,0c529ac4-63ef-47e4-a8be-91a12f63242d,2,speech,ai_draft
0c529ac4-63ef-47e4-a8be-91a12f63242d::2::edited_text,0c529ac4-63ef-47e4-a8be-91a12f63242d,2,speech,edited_text
0c529ac4-63ef-47e4-a8be-91a12f63242d::3::ai_draft,0c529ac4-63ef-47e4-a8be-91a12f63242d,3,condolence,ai_draft
0c529ac4-63ef-47e4-a8be-91a12f63242d::3::edited_text,0c529ac4-63ef-47e4-a8be-91a12f63242d,3,condolence,edited_text
0c529ac4-63ef-47e4-a8be-91a12f63242d::4::ai_draft,0c529ac4-63ef-47e4-a8be-91a12f63242d,4,reassurance,ai_draft
0c529ac4-63ef-47e4-a8be-91a12f63242d::4::edited_text,0c529ac4-63ef-47e4-a8be-91a12f63242d,4,reassurance,edited_text
0c529ac4-63ef-47e4-a8be-91a12f63242d::5::ai_draft,0c529ac4-63ef-47e4-a8be-91a12f63242d,5,apology,ai_draft
0c529ac4-63ef-47e4-a8be-91a12f63242d::5::edited_text,0c529ac4-63ef-47e4-a8be-91a12f63242d,5,apology,edited_text
0d91417f-a097-424f-bf12-77b98654c26c::combined_controls::control_reference,0d91417f-a097-424f-bf12-77b98654c26c,combined_controls,multiple,control_reference
0d91417f-a097-424f-bf12-77b98654c26c::2::ai_draft,0d91417f-a097-424f-bf12-77b98654c26c,2,letter,ai_draft
0d91417f-a097-424f-bf12-77b98654c26c::2::edited_text,0d91417f-a097-424f-bf12-77b98654c26c,2,letter,edited_text
0d91417f-a097-424f-bf12-77b98654c26c::3::ai_draft,0d91417f-a097-424f-bf12-77b98654c26c,3,wedding,ai_draft
0d91417f-a097-424f-bf12-77b98654c26c::3::edited_text,0d91417f-a097-424f-bf12-77b98654c26c,3,wedding,edited_text
0d91417f-a097-424f-bf12-77b98654c26c::4::ai_draft,0d91417f-a097-424f-bf12-77b98654c26c,4,apology,ai_draft
0d91417f-a097-424f-bf12-77b98654c26c::4::edited_text,0d91417f-a097-424f-bf12-77b98654c26c,4,apology,edited_text
0d91417f-a097-424f-bf12-77b98654c26c::5::ai_draft,0d91417f-a097-424f-bf12-77b98654c26c,5,reassurance,ai_draft
0d91417f-a097-424f-bf12-77b98654c26c::5::edited_text,0d91417f-a097-424f-bf12-77b98654c26c,5,reassurance,edited_text
0e4ed97b-533a-4c35-9268-2610361186c3::combined_controls::control_reference,0e4ed97b-533a-4c35-9268-2610361186c3,combined_controls,multiple,control_reference
0e4ed97b-533a-4c35-9268-2610361186c3::0::ai_draft,0e4ed97b-533a-4c35-9268-2610361186c3,0,speech,ai_draft
0e4ed97b-533a-4c35-9268-2610361186c3::0::edited_text,0e4ed97b-533a-4c35-9268-2610361186c3,0,speech,edited_text
0e4ed97b-533a-4c35-9268-2610361186c3::1::ai_draft,0e4ed97b-533a-4c35-9268-2610361186c3,1,apology,ai_draft
0e4ed97b-533a-4c35-9268-2610361186c3::1::edited_text,0e4ed97b-533a-4c35-9268-2610361186c3,1,apology,edited_text
0e4ed97b-533a-4c35-9268-2610361186c3::2::ai_draft,0e4ed97b-533a-4c35-9268-2610361186c3,2,letter,ai_draft
0e4ed97b-533a-4c35-9268-2610361186c3::2::edited_text,0e4ed97b-533a-4c35-9268-2610361186c3,2,letter,edited_text
0e4ed97b-533a-4c35-9268-2610361186c3::3::ai_draft,0e4ed97b-533a-4c35-9268-2610361186c3,3,wedding,ai_draft
0e4ed97b-533a-4c35-9268-2610361186c3::3::edited_text,0e4ed97b-533a-4c35-9268-2610361186c3,3,wedding,edited_text
1460c925-65dc-4f85-9bee-a3029020dd78::combined_controls::control_reference,1460c925-65dc-4f85-9bee-a3029020dd78,combined_controls,multiple,control_reference
1460c925-65dc-4f85-9bee-a3029020dd78::2::ai_draft,1460c925-65dc-4f85-9bee-a3029020dd78,2,condolence,ai_draft
1460c925-65dc-4f85-9bee-a3029020dd78::2::edited_text,1460c925-65dc-4f85-9bee-a3029020dd78,2,condolence,edited_text
1460c925-65dc-4f85-9bee-a3029020dd78::3::ai_draft,1460c925-65dc-4f85-9bee-a3029020dd78,3,wedding,ai_draft
1460c925-65dc-4f85-9bee-a3029020dd78::3::edited_text,1460c925-65dc-4f85-9bee-a3029020dd78,3,wedding,edited_text
1460c925-65dc-4f85-9bee-a3029020dd78::4::ai_draft,1460c925-65dc-4f85-9bee-a3029020dd78,4,speech,ai_draft
1460c925-65dc-4f85-9bee-a3029020dd78::4::edited_text,1460c925-65dc-4f85-9bee-a3029020dd78,4,speech,edited_text
1460c925-65dc-4f85-9bee-a3029020dd78::5::ai_draft,1460c925-65dc-4f85-9bee-a3029020dd78,5,thank,ai_draft
1460c925-65dc-4f85-9bee-a3029020dd78::5::edited_text,1460c925-65dc-4f85-9bee-a3029020dd78,5,thank,edited_text
16e11b3b-7143-40ed-ba2c-c94e96d5be86::combined_controls::control_reference,16e11b3b-7143-40ed-ba2c-c94e96d5be86,combined_controls,multiple,control_reference
16e11b3b-7143-40ed-ba2c-c94e96d5be86::0::ai_draft,16e11b3b-7143-40ed-ba2c-c94e96d5be86,0,wedding,ai_draft
16e11b3b-7143-40ed-ba2c-c94e96d5be86::0::edited_text,16e11b3b-7143-40ed-ba2c-c94e96d5be86,0,wedding,edited_text
16e11b3b-7143-40ed-ba2c-c94e96d5be86::1::ai_draft,16e11b3b-7143-40ed-ba2c-c94e96d5be86,1,speech,ai_draft
16e11b3b-7143-40ed-ba2c-c94e96d5be86::1::edited_text,16e11b3b-7143-40ed-ba2c-c94e96d5be86,1,speech,edited_text
16e11b3b-7143-40ed-ba2c-c94e96d5be86::2::ai_draft,16e11b3b-7143-40ed-ba2c-c94e96d5be86,2,condolence,ai_draft
16e11b3b-7143-40ed-ba2c-c94e96d5be86::2::edited_text,16e11b3b-7143-40ed-ba2c-c94e96d5be86,2,condolence,edited_text
16e11b3b-7143-40ed-ba2c-c94e96d5be86::3::ai_draft,16e11b3b-7143-40ed-ba2c-c94e96d5be86,3,letter,ai_draft
16e11b3b-7143-40ed-ba2c-c94e96d5be86::3::edited_text,16e11b3b-7143-40ed-ba2c-c94e96d5be86,3,letter,edited_text
1a25aba9-d542-49a4-94df-900c081551b6::combined_controls::control_reference,1a25aba9-d542-49a4-94df-900c081551b6,combined_controls,multiple,control_reference
1a25aba9-d542-49a4-94df-900c081551b6::2::ai_draft,1a25aba9-d542-49a4-94df-900c081551b6,2,speech,ai_draft
1a25aba9-d542-49a4-94df-900c081551b6::2::edited_text,1a25aba9-d542-49a4-94df-900c081551b6,2,speech,edited_text
1a25aba9-d542-49a4-94df-900c081551b6::3::ai_draft,1a25aba9-d542-49a4-94df-900c081551b6,3,wedding,ai_draft
1a25aba9-d542-49a4-94df-900c081551b6::3::edited_text,1a25aba9-d542-49a4-94df-900c081551b6,3,wedding,edited_text
1a25aba9-d542-49a4-94df-900c081551b6::4::ai_draft,1a25aba9-d542-49a4-94df-900c081551b6,4,condolence,ai_draft
1a25aba9-d542-49a4-94df-900c081551b6::4::edited_text,1a25aba9-d542-49a4-94df-900c081551b6,4,condolence,edited_text
1a25aba9-d542-49a4-94df-900c081551b6::5::ai_draft,1a25aba9-d542-49a4-94df-900c081551b6,5,letter,ai_draft
1a25aba9-d542-49a4-94df-900c081551b6::5::edited_text,1a25aba9-d542-49a4-94df-900c081551b6,5,letter,edited_text
1a6bc3bd-868e-47cf-970d-67cf7d516465::combined_controls::control_reference,1a6bc3bd-868e-47cf-970d-67cf7d516465,combined_controls,multiple,control_reference
1a6bc3bd-868e-47cf-970d-67cf7d516465::0::ai_draft,1a6bc3bd-868e-47cf-970d-67cf7d516465,0,wedding,ai_draft
1a6bc3bd-868e-47cf-970d-67cf7d516465::0::edited_text,1a6bc3bd-868e-47cf-970d-67cf7d516465,0,wedding,edited_text
1a6bc3bd-868e-47cf-970d-67cf7d516465::1::ai_draft,1a6bc3bd-868e-47cf-970d-67cf7d516465,1,speech,ai_draft
1a6bc3bd-868e-47cf-970d-67cf7d516465::1::edited_text,1a6bc3bd-868e-47cf-970d-67cf7d516465,1,speech,edited_text
1a6bc3bd-868e-47cf-970d-67cf7d516465::2::ai_draft,1a6bc3bd-868e-47cf-970d-67cf7d516465,2,condolence,ai_draft
1a6bc3bd-868e-47cf-970d-67cf7d516465::2::edited_text,1a6bc3bd-868e-47cf-970d-67cf7d516465,2,condolence,edited_text
1a6bc3bd-868e-47cf-970d-67cf7d516465::3::ai_draft,1a6bc3bd-868e-47cf-970d-67cf7d516465,3,letter,ai_draft
1a6bc3bd-868e-47cf-970d-67cf7d516465::3::edited_text,1a6bc3bd-868e-47cf-970d-67cf7d516465,3,letter,edited_text
1b97dea3-013d-476c-96a6-49d2960c7c99::combined_controls::control_reference,1b97dea3-013d-476c-96a6-49d2960c7c99,combined_controls,multiple,control_reference
1b97dea3-013d-476c-96a6-49d2960c7c99::2::ai_draft,1b97dea3-013d-476c-96a6-49d2960c7c99,2,thank,ai_draft
1b97dea3-013d-476c-96a6-49d2960c7c99::2::edited_text,1b97dea3-013d-476c-96a6-49d2960c7c99,2,thank,edited_text
1b97dea3-013d-476c-96a6-49d2960c7c99::3::ai_draft,1b97dea3-013d-476c-96a6-49d2960c7c99,3,reassurance,ai_draft
1b97dea3-013d-476c-96a6-49d2960c7c99::3::edited_text,1b97dea3-013d-476c-96a6-49d2960c7c99,3,reassurance,edited_text
1b97dea3-013d-476c-96a6-49d2960c7c99::4::ai_draft,1b97dea3-013d-476c-96a6-49d2960c7c99,4,speech,ai_draft
1b97dea3-013d-476c-96a6-49d2960c7c99::4::edited_text,1b97dea3-013d-476c-96a6-49d2960c7c99,4,speech,edited_text
1b97dea3-013d-476c-96a6-49d2960c7c99::5::ai_draft,1b97dea3-013d-476c-96a6-49d2960c7c99,5,apology,ai_draft
1b97dea3-013d-476c-96a6-49d2960c7c99::5::edited_text,1b97dea3-013d-476c-96a6-49d2960c7c99,5,apology,edited_text
1f506d3f-b34d-4657-9820-ef232904554d::combined_controls::control_reference,1f506d3f-b34d-4657-9820-ef232904554d,combined_controls,multiple,control_reference
1f506d3f-b34d-4657-9820-ef232904554d::2::ai_draft,1f506d3f-b34d-4657-9820-ef232904554d,2,reassurance,ai_draft
1f506d3f-b34d-4657-9820-ef232904554d::2::edited_text,1f506d3f-b34d-4657-9820-ef232904554d,2,reassurance,edited_text
1f506d3f-b34d-4657-9820-ef232904554d::3::ai_draft,1f506d3f-b34d-4657-9820-ef232904554d,3,thank,ai_draft
1f506d3f-b34d-4657-9820-ef232904554d::3::edited_text,1f506d3f-b34d-4657-9820-ef232904554d,3,thank,edited_text
1f506d3f-b34d-4657-9820-ef232904554d::4::ai_draft,1f506d3f-b34d-4657-9820-ef232904554d,4,letter,ai_draft
1f506d3f-b34d-4657-9820-ef232904554d::4::edited_text,1f506d3f-b34d-4657-9820-ef232904554d,4,letter,edited_text
1f506d3f-b34d-4657-9820-ef232904554d::5::ai_draft,1f506d3f-b34d-4657-9820-ef232904554d,5,wedding,ai_draft
1f506d3f-b34d-4657-9820-ef232904554d::5::edited_text,1f506d3f-b34d-4657-9820-ef232904554d,5,wedding,edited_text
21d20b0e-b89e-42a8-b0bb-cb8b2d2e35df::combined_controls::control_reference,21d20b0e-b89e-42a8-b0bb-cb8b2d2e35df,combined_controls,multiple,control_reference
21d20b0e-b89e-42a8-b0bb-cb8b2d2e35df::0::ai_draft,21d20b0e-b89e-42a8-b0bb-cb8b2d2e35df,0,condolence,ai_draft
21d20b0e-b89e-42a8-b0bb-cb8b2d2e35df::0::edited_text,21d20b0e-b89e-42a8-b0bb-cb8b2d2e35df,0,condolence,edited_text
21d20b0e-b89e-42a8-b0bb-cb8b2d2e35df::1::ai_draft,21d20b0e-b89e-42a8-b0bb-cb8b2d2e35df,1,apology,ai_draft
21d20b0e-b89e-42a8-b0bb-cb8b2d2e35df::1::edited_text,21d20b0e-b89e-42a8-b0bb-cb8b2d2e35df,1,apology,edited_text
21d20b0e-b89e-42a8-b0bb-cb8b2d2e35df::2::ai_draft,21d20b0e-b89e-42a8-b0bb-cb8b2d2e35df,2,wedding,ai_draft
21d20b0e-b89e-42a8-b0bb-cb8b2d2e35df::2::edited_text,21d20b0e-b89e-42a8-b0bb-cb8b2d2e35df,2,wedding,edited_text
21d20b0e-b89e-42a8-b0bb-cb8b2d2e35df::3::ai_draft,21d20b0e-b89e-42a8-b0bb-cb8b2d2e35df,3,speech,ai_draft
21d20b0e-b89e-42a8-b0bb-cb8b2d2e35df::3::edited_text,21d20b0e-b89e-42a8-b0bb-cb8b2d2e35df,3,speech,edited_text
28bc03dc-f524-4a10-b9aa-4368bd13df42::combined_controls::control_reference,28bc03dc-f524-4a10-b9aa-4368bd13df42,combined_controls,multiple,control_reference
28bc03dc-f524-4a10-b9aa-4368bd13df42::2::ai_draft,28bc03dc-f524-4a10-b9aa-4368bd13df42,2,wedding,ai_draft
28bc03dc-f524-4a10-b9aa-4368bd13df42::2::edited_text,28bc03dc-f524-4a10-b9aa-4368bd13df42,2,wedding,edited_text
28bc03dc-f524-4a10-b9aa-4368bd13df42::3::ai_draft,28bc03dc-f524-4a10-b9aa-4368bd13df42,3,thank,ai_draft
28bc03dc-f524-4a10-b9aa-4368bd13df42::3::edited_text,28bc03dc-f524-4a10-b9aa-4368bd13df42,3,thank,edited_text
28bc03dc-f524-4a10-b9aa-4368bd13df42::4::ai_draft,28bc03dc-f524-4a10-b9aa-4368bd13df42,4,letter,ai_draft
28bc03dc-f524-4a10-b9aa-4368bd13df42::4::edited_text,28bc03dc-f524-4a10-b9aa-4368bd13df42,4,letter,edited_text
28bc03dc-f524-4a10-b9aa-4368bd13df42::5::ai_draft,28bc03dc-f524-4a10-b9aa-4368bd13df42,5,speech,ai_draft
28bc03dc-f524-4a10-b9aa-4368bd13df42::5::edited_text,28bc03dc-f524-4a10-b9aa-4368bd13df42,5,speech,edited_text
2af273f2-bea4-4638-9cd7-4a8d3a0b8f26::combined_controls::control_reference,2af273f2-bea4-4638-9cd7-4a8d3a0b8f26,combined_controls,multiple,control_reference
2af273f2-bea4-4638-9cd7-4a8d3a0b8f26::0::ai_draft,2af273f2-bea4-4638-9cd7-4a8d3a0b8f26,0,reassurance,ai_draft
2af273f2-bea4-4638-9cd7-4a8d3a0b8f26::0::edited_text,2af273f2-bea4-4638-9cd7-4a8d3a0b8f26,0,reassurance,edited_text
2af273f2-bea4-4638-9cd7-4a8d3a0b8f26::1::ai_draft,2af273f2-bea4-4638-9cd7-4a8d3a0b8f26,1,apology,ai_draft
2af273f2-bea4-4638-9cd7-4a8d3a0b8f26::1::edited_text,2af273f2-bea4-4638-9cd7-4a8d3a0b8f26,1,apology,edited_text
2af273f2-bea4-4638-9cd7-4a8d3a0b8f26::2::ai_draft,2af273f2-bea4-4638-9cd7-4a8d3a0b8f26,2,thank,ai_draft
2af273f2-bea4-4638-9cd7-4a8d3a0b8f26::2::edited_text,2af273f2-bea4-4638-9cd7-4a8d3a0b8f26,2,thank,edited_text
2af273f2-bea4-4638-9cd7-4a8d3a0b8f26::3::ai_draft,2af273f2-bea4-4638-9cd7-4a8d3a0b8f26,3,speech,ai_draft
2af273f2-bea4-4638-9cd7-4a8d3a0b8f26::3::edited_text,2af273f2-bea4-4638-9cd7-4a8d3a0b8f26,3,speech,edited_text
32a9cad7-5b1c-480f-832c-1cedb782d226::combined_controls::control_reference,32a9cad7-5b1c-480f-832c-1cedb782d226,combined_controls,multiple,control_reference
32a9cad7-5b1c-480f-832c-1cedb782d226::2::ai_draft,32a9cad7-5b1c-480f-832c-1cedb782d226,2,reassurance,ai_draft
32a9cad7-5b1c-480f-832c-1cedb782d226::2::edited_text,32a9cad7-5b1c-480f-832c-1cedb782d226,2,reassurance,edited_text
32a9cad7-5b1c-480f-832c-1cedb782d226::3::ai_draft,32a9cad7-5b1c-480f-832c-1cedb782d226,3,eulogy,ai_draft
32a9cad7-5b1c-480f-832c-1cedb782d226::3::edited_text,32a9cad7-5b1c-480f-832c-1cedb782d226,3,eulogy,edited_text
32a9cad7-5b1c-480f-832c-1cedb782d226::4::ai_draft,32a9cad7-5b1c-480f-832c-1cedb782d226,4,letter,ai_draft
32a9cad7-5b1c-480f-832c-1cedb782d226::4::edited_text,32a9cad7-5b1c-480f-832c-1cedb782d226,4,letter,edited_text
32a9cad7-5b1c-480f-832c-1cedb782d226::5::ai_draft,32a9cad7-5b1c-480f-832c-1cedb782d226,5,thank,ai_draft
32a9cad7-5b1c-480f-832c-1cedb782d226::5::edited_text,32a9cad7-5b1c-480f-832c-1cedb782d226,5,thank,edited_text
354ff2f3-d1e5-40ee-9b32-f1c81c5d4df5::combined_controls::control_reference,354ff2f3-d1e5-40ee-9b32-f1c81c5d4df5,combined_controls,multiple,control_reference
354ff2f3-d1e5-40ee-9b32-f1c81c5d4df5::0::ai_draft,354ff2f3-d1e5-40ee-9b32-f1c81c5d4df5,0,reassurance,ai_draft
354ff2f3-d1e5-40ee-9b32-f1c81c5d4df5::0::edited_text,354ff2f3-d1e5-40ee-9b32-f1c81c5d4df5,0,reassurance,edited_text
354ff2f3-d1e5-40ee-9b32-f1c81c5d4df5::1::ai_draft,354ff2f3-d1e5-40ee-9b32-f1c81c5d4df5,1,thank,ai_draft
354ff2f3-d1e5-40ee-9b32-f1c81c5d4df5::1::edited_text,354ff2f3-d1e5-40ee-9b32-f1c81c5d4df5,1,thank,edited_text
354ff2f3-d1e5-40ee-9b32-f1c81c5d4df5::2::ai_draft,354ff2f3-d1e5-40ee-9b32-f1c81c5d4df5,2,speech,ai_draft
354ff2f3-d1e5-40ee-9b32-f1c81c5d4df5::2::edited_text,354ff2f3-d1e5-40ee-9b32-f1c81c5d4df5,2,speech,edited_text
354ff2f3-d1e5-40ee-9b32-f1c81c5d4df5::3::ai_draft,354ff2f3-d1e5-40ee-9b32-f1c81c5d4df5,3,wedding,ai_draft
354ff2f3-d1e5-40ee-9b32-f1c81c5d4df5::3::edited_text,354ff2f3-d1e5-40ee-9b32-f1c81c5d4df5,3,wedding,edited_text
357b9f78-df87-4775-a67e-9a41bebbc02f::combined_controls::control_reference,357b9f78-df87-4775-a67e-9a41bebbc02f,combined_controls,multiple,control_reference
357b9f78-df87-4775-a67e-9a41bebbc02f::2::ai_draft,357b9f78-df87-4775-a67e-9a41bebbc02f,2,wedding,ai_draft
357b9f78-df87-4775-a67e-9a41bebbc02f::2::edited_text,357b9f78-df87-4775-a67e-9a41bebbc02f,2,wedding,edited_text
357b9f78-df87-4775-a67e-9a41bebbc02f::3::ai_draft,357b9f78-df87-4775-a67e-9a41bebbc02f,3,speech,ai_draft
357b9f78-df87-4775-a67e-9a41bebbc02f::3::edited_text,357b9f78-df87-4775-a67e-9a41bebbc02f,3,speech,edited_text
357b9f78-df87-4775-a67e-9a41bebbc02f::4::ai_draft,357b9f78-df87-4775-a67e-9a41bebbc02f,4,thank,ai_draft
357b9f78-df87-4775-a67e-9a41bebbc02f::4::edited_text,357b9f78-df87-4775-a67e-9a41bebbc02f,4,thank,edited_text
357b9f78-df87-4775-a67e-9a41bebbc02f::5::ai_draft,357b9f78-df87-4775-a67e-9a41bebbc02f,5,letter,ai_draft
357b9f78-df87-4775-a67e-9a41bebbc02f::5::edited_text,357b9f78-df87-4775-a67e-9a41bebbc02f,5,letter,edited_text
36f7c04d-9eb6-41fa-ae60-a6ad6fa1c429::combined_controls::control_reference,36f7c04d-9eb6-41fa-ae60-a6ad6fa1c429,combined_controls,multiple,control_reference
36f7c04d-9eb6-41fa-ae60-a6ad6fa1c429::2::ai_draft,36f7c04d-9eb6-41fa-ae60-a6ad6fa1c429,2,letter,ai_draft
36f7c04d-9eb6-41fa-ae60-a6ad6fa1c429::2::edited_text,36f7c04d-9eb6-41fa-ae60-a6ad6fa1c429,2,letter,edited_text
36f7c04d-9eb6-41fa-ae60-a6ad6fa1c429::3::ai_draft,36f7c04d-9eb6-41fa-ae60-a6ad6fa1c429,3,reassurance,ai_draft
36f7c04d-9eb6-41fa-ae60-a6ad6fa1c429::3::edited_text,36f7c04d-9eb6-41fa-ae60-a6ad6fa1c429,3,reassurance,edited_text
36f7c04d-9eb6-41fa-ae60-a6ad6fa1c429::4::ai_draft,36f7c04d-9eb6-41fa-ae60-a6ad6fa1c429,4,thank,ai_draft
36f7c04d-9eb6-41fa-ae60-a6ad6fa1c429::4::edited_text,36f7c04d-9eb6-41fa-ae60-a6ad6fa1c429,4,thank,edited_text
36f7c04d-9eb6-41fa-ae60-a6ad6fa1c429::5::ai_draft,36f7c04d-9eb6-41fa-ae60-a6ad6fa1c429,5,condolence,ai_draft
36f7c04d-9eb6-41fa-ae60-a6ad6fa1c429::5::edited_text,36f7c04d-9eb6-41fa-ae60-a6ad6fa1c429,5,condolence,edited_text
379876ef-ea66-4914-90c7-052d13ad9036::combined_controls::control_reference,379876ef-ea66-4914-90c7-052d13ad9036,combined_controls,multiple,control_reference
379876ef-ea66-4914-90c7-052d13ad9036::0::ai_draft,379876ef-ea66-4914-90c7-052d13ad9036,0,condolence,ai_draft
379876ef-ea66-4914-90c7-052d13ad9036::0::edited_text,379876ef-ea66-4914-90c7-052d13ad9036,0,condolence,edited_text
379876ef-ea66-4914-90c7-052d13ad9036::1::ai_draft,379876ef-ea66-4914-90c7-052d13ad9036,1,letter,ai_draft
379876ef-ea66-4914-90c7-052d13ad9036::1::edited_text,379876ef-ea66-4914-90c7-052d13ad9036,1,letter,edited_text
379876ef-ea66-4914-90c7-052d13ad9036::2::ai_draft,379876ef-ea66-4914-90c7-052d13ad9036,2,speech,ai_draft
379876ef-ea66-4914-90c7-052d13ad9036::2::edited_text,379876ef-ea66-4914-90c7-052d13ad9036,2,speech,edited_text
379876ef-ea66-4914-90c7-052d13ad9036::3::ai_draft,379876ef-ea66-4914-90c7-052d13ad9036,3,eulogy,ai_draft
379876ef-ea66-4914-90c7-052d13ad9036::3::edited_text,379876ef-ea66-4914-90c7-052d13ad9036,3,eulogy,edited_text
417a64ff-e3b5-45c1-a926-83e8b3897840::combined_controls::control_reference,417a64ff-e3b5-45c1-a926-83e8b3897840,combined_controls,multiple,control_reference
417a64ff-e3b5-45c1-a926-83e8b3897840::2::ai_draft,417a64ff-e3b5-45c1-a926-83e8b3897840,2,condolence,ai_draft
417a64ff-e3b5-45c1-a926-83e8b3897840::2::edited_text,417a64ff-e3b5-45c1-a926-83e8b3897840,2,condolence,edited_text
417a64ff-e3b5-45c1-a926-83e8b3897840::3::ai_draft,417a64ff-e3b5-45c1-a926-83e8b3897840,3,letter,ai_draft
417a64ff-e3b5-45c1-a926-83e8b3897840::3::edited_text,417a64ff-e3b5-45c1-a926-83e8b3897840,3,letter,edited_text
417a64ff-e3b5-45c1-a926-83e8b3897840::4::ai_draft,417a64ff-e3b5-45c1-a926-83e8b3897840,4,speech,ai_draft
417a64ff-e3b5-45c1-a926-83e8b3897840::4::edited_text,417a64ff-e3b5-45c1-a926-83e8b3897840,4,speech,edited_text
417a64ff-e3b5-45c1-a926-83e8b3897840::5::ai_draft,417a64ff-e3b5-45c1-a926-83e8b3897840,5,thank,ai_draft
417a64ff-e3b5-45c1-a926-83e8b3897840::5::edited_text,417a64ff-e3b5-45c1-a926-83e8b3897840,5,thank,edited_text
47936247-3b3b-4aec-a540-0199ded5b35f::combined_controls::control_reference,47936247-3b3b-4aec-a540-0199ded5b35f,combined_controls,multiple,control_reference
47936247-3b3b-4aec-a540-0199ded5b35f::0::ai_draft,47936247-3b3b-4aec-a540-0199ded5b35f,0,letter,ai_draft
47936247-3b3b-4aec-a540-0199ded5b35f::0::edited_text,47936247-3b3b-4aec-a540-0199ded5b35f,0,letter,edited_text
47936247-3b3b-4aec-a540-0199ded5b35f::1::ai_draft,47936247-3b3b-4aec-a540-0199ded5b35f,1,reassurance,ai_draft
47936247-3b3b-4aec-a540-0199ded5b35f::1::edited_text,47936247-3b3b-4aec-a540-0199ded5b35f,1,reassurance,edited_text
47936247-3b3b-4aec-a540-0199ded5b35f::2::ai_draft,47936247-3b3b-4aec-a540-0199ded5b35f,2,apology,ai_draft
47936247-3b3b-4aec-a540-0199ded5b35f::2::edited_text,47936247-3b3b-4aec-a540-0199ded5b35f,2,apology,edited_text
47936247-3b3b-4aec-a540-0199ded5b35f::3::ai_draft,47936247-3b3b-4aec-a540-0199ded5b35f,3,condolence,ai_draft
47936247-3b3b-4aec-a540-0199ded5b35f::3::edited_text,47936247-3b3b-4aec-a540-0199ded5b35f,3,condolence,edited_text
4cc3c761-a0ef-4a7d-b572-f933d9f34d7e::combined_controls::control_reference,4cc3c761-a0ef-4a7d-b572-f933d9f34d7e,combined_controls,multiple,control_reference
4cc3c761-a0ef-4a7d-b572-f933d9f34d7e::2::ai_draft,4cc3c761-a0ef-4a7d-b572-f933d9f34d7e,2,apology,ai_draft
4cc3c761-a0ef-4a7d-b572-f933d9f34d7e::2::edited_text,4cc3c761-a0ef-4a7d-b572-f933d9f34d7e,2,apology,edited_text
4cc3c761-a0ef-4a7d-b572-f933d9f34d7e::3::ai_draft,4cc3c761-a0ef-4a7d-b572-f933d9f34d7e,3,speech,ai_draft
4cc3c761-a0ef-4a7d-b572-f933d9f34d7e::3::edited_text,4cc3c761-a0ef-4a7d-b572-f933d9f34d7e,3,speech,edited_text
4cc3c761-a0ef-4a7d-b572-f933d9f34d7e::4::ai_draft,4cc3c761-a0ef-4a7d-b572-f933d9f34d7e,4,wedding,ai_draft
4cc3c761-a0ef-4a7d-b572-f933d9f34d7e::4::edited_text,4cc3c761-a0ef-4a7d-b572-f933d9f34d7e,4,wedding,edited_text
4cc3c761-a0ef-4a7d-b572-f933d9f34d7e::5::ai_draft,4cc3c761-a0ef-4a7d-b572-f933d9f34d7e,5,condolence,ai_draft
4cc3c761-a0ef-4a7d-b572-f933d9f34d7e::5::edited_text,4cc3c761-a0ef-4a7d-b572-f933d9f34d7e,5,condolence,edited_text
4d13e808-d845-407b-8891-abc4bbd755a3::combined_controls::control_reference,4d13e808-d845-407b-8891-abc4bbd755a3,combined_controls,multiple,control_reference
4d13e808-d845-407b-8891-abc4bbd755a3::0::ai_draft,4d13e808-d845-407b-8891-abc4bbd755a3,0,reassurance,ai_draft
4d13e808-d845-407b-8891-abc4bbd755a3::0::edited_text,4d13e808-d845-407b-8891-abc4bbd755a3,0,reassurance,edited_text
4d13e808-d845-407b-8891-abc4bbd755a3::1::ai_draft,4d13e808-d845-407b-8891-abc4bbd755a3,1,wedding,ai_draft
4d13e808-d845-407b-8891-abc4bbd755a3::1::edited_text,4d13e808-d845-407b-8891-abc4bbd755a3,1,wedding,edited_text
4d13e808-d845-407b-8891-abc4bbd755a3::2::ai_draft,4d13e808-d845-407b-8891-abc4bbd755a3,2,letter,ai_draft
4d13e808-d845-407b-8891-abc4bbd755a3::2::edited_text,4d13e808-d845-407b-8891-abc4bbd755a3,2,letter,edited_text
4d13e808-d845-407b-8891-abc4bbd755a3::3::ai_draft,4d13e808-d845-407b-8891-abc4bbd755a3,3,apology,ai_draft
4d13e808-d845-407b-8891-abc4bbd755a3::3::edited_text,4d13e808-d845-407b-8891-abc4bbd755a3,3,apology,edited_text
54b36269-e8c7-475b-8d5c-8d028a523f32::combined_controls::control_reference,54b36269-e8c7-475b-8d5c-8d028a523f32,combined_controls,multiple,control_reference
54b36269-e8c7-475b-8d5c-8d028a523f32::2::ai_draft,54b36269-e8c7-475b-8d5c-8d028a523f32,2,speech,ai_draft
54b36269-e8c7-475b-8d5c-8d028a523f32::2::edited_text,54b36269-e8c7-475b-8d5c-8d028a523f32,2,speech,edited_text
54b36269-e8c7-475b-8d5c-8d028a523f32::3::ai_draft,54b36269-e8c7-475b-8d5c-8d028a523f32,3,reassurance,ai_draft
54b36269-e8c7-475b-8d5c-8d028a523f32::3::edited_text,54b36269-e8c7-475b-8d5c-8d028a523f32,3,reassurance,edited_text
54b36269-e8c7-475b-8d5c-8d028a523f32::4::ai_draft,54b36269-e8c7-475b-8d5c-8d028a523f32,4,thank,ai_draft
54b36269-e8c7-475b-8d5c-8d028a523f32::4::edited_text,54b36269-e8c7-475b-8d5c-8d028a523f32,4,thank,edited_text
54b36269-e8c7-475b-8d5c-8d028a523f32::5::ai_draft,54b36269-e8c7-475b-8d5c-8d028a523f32,5,wedding,ai_draft
54b36269-e8c7-475b-8d5c-8d028a523f32::5::edited_text,54b36269-e8c7-475b-8d5c-8d028a523f32,5,wedding,edited_text
572392a4-224e-4261-ad20-1c06fabc9220::combined_controls::control_reference,572392a4-224e-4261-ad20-1c06fabc9220,combined_controls,multiple,control_reference
572392a4-224e-4261-ad20-1c06fabc9220::0::ai_draft,572392a4-224e-4261-ad20-1c06fabc9220,0,speech,ai_draft
572392a4-224e-4261-ad20-1c06fabc9220::0::edited_text,572392a4-224e-4261-ad20-1c06fabc9220,0,speech,edited_text
572392a4-224e-4261-ad20-1c06fabc9220::1::ai_draft,572392a4-224e-4261-ad20-1c06fabc9220,1,reassurance,ai_draft
572392a4-224e-4261-ad20-1c06fabc9220::1::edited_text,572392a4-224e-4261-ad20-1c06fabc9220,1,reassurance,edited_text
572392a4-224e-4261-ad20-1c06fabc9220::2::ai_draft,572392a4-224e-4261-ad20-1c06fabc9220,2,wedding,ai_draft
572392a4-224e-4261-ad20-1c06fabc9220::2::edited_text,572392a4-224e-4261-ad20-1c06fabc9220,2,wedding,edited_text
572392a4-224e-4261-ad20-1c06fabc9220::3::ai_draft,572392a4-224e-4261-ad20-1c06fabc9220,3,apology,ai_draft
572392a4-224e-4261-ad20-1c06fabc9220::3::edited_text,572392a4-224e-4261-ad20-1c06fabc9220,3,apology,edited_text
57f6eb08-1334-4d1d-b32e-7ead2fae69b5::combined_controls::control_reference,57f6eb08-1334-4d1d-b32e-7ead2fae69b5,combined_controls,multiple,control_reference
57f6eb08-1334-4d1d-b32e-7ead2fae69b5::0::ai_draft,57f6eb08-1334-4d1d-b32e-7ead2fae69b5,0,speech,ai_draft
57f6eb08-1334-4d1d-b32e-7ead2fae69b5::0::edited_text,57f6eb08-1334-4d1d-b32e-7ead2fae69b5,0,speech,edited_text
57f6eb08-1334-4d1d-b32e-7ead2fae69b5::1::ai_draft,57f6eb08-1334-4d1d-b32e-7ead2fae69b5,1,apology,ai_draft
57f6eb08-1334-4d1d-b32e-7ead2fae69b5::1::edited_text,57f6eb08-1334-4d1d-b32e-7ead2fae69b5,1,apology,edited_text
57f6eb08-1334-4d1d-b32e-7ead2fae69b5::2::ai_draft,57f6eb08-1334-4d1d-b32e-7ead2fae69b5,2,thank,ai_draft
57f6eb08-1334-4d1d-b32e-7ead2fae69b5::2::edited_text,57f6eb08-1334-4d1d-b32e-7ead2fae69b5,2,thank,edited_text
57f6eb08-1334-4d1d-b32e-7ead2fae69b5::3::ai_draft,57f6eb08-1334-4d1d-b32e-7ead2fae69b5,3,wedding,ai_draft
57f6eb08-1334-4d1d-b32e-7ead2fae69b5::3::edited_text,57f6eb08-1334-4d1d-b32e-7ead2fae69b5,3,wedding,edited_text
58a194df-223f-48a6-b63e-6dd56c0f2b57::combined_controls::control_reference,58a194df-223f-48a6-b63e-6dd56c0f2b57,combined_controls,multiple,control_reference
58a194df-223f-48a6-b63e-6dd56c0f2b57::2::ai_draft,58a194df-223f-48a6-b63e-6dd56c0f2b57,2,thank,ai_draft
58a194df-223f-48a6-b63e-6dd56c0f2b57::2::edited_text,58a194df-223f-48a6-b63e-6dd56c0f2b57,2,thank,edited_text
58a194df-223f-48a6-b63e-6dd56c0f2b57::3::ai_draft,58a194df-223f-48a6-b63e-6dd56c0f2b57,3,wedding,ai_draft
58a194df-223f-48a6-b63e-6dd56c0f2b57::3::edited_text,58a194df-223f-48a6-b63e-6dd56c0f2b57,3,wedding,edited_text
58a194df-223f-48a6-b63e-6dd56c0f2b57::4::ai_draft,58a194df-223f-48a6-b63e-6dd56c0f2b57,4,letter,ai_draft
58a194df-223f-48a6-b63e-6dd56c0f2b57::4::edited_text,58a194df-223f-48a6-b63e-6dd56c0f2b57,4,letter,edited_text
58a194df-223f-48a6-b63e-6dd56c0f2b57::5::ai_draft,58a194df-223f-48a6-b63e-6dd56c0f2b57,5,speech,ai_draft
58a194df-223f-48a6-b63e-6dd56c0f2b57::5::edited_text,58a194df-223f-48a6-b63e-6dd56c0f2b57,5,speech,edited_text
5ebe55d9-ec28-4e1f-bba3-3e309275a847::combined_controls::control_reference,5ebe55d9-ec28-4e1f-bba3-3e309275a847,combined_controls,multiple,control_reference
5ebe55d9-ec28-4e1f-bba3-3e309275a847::2::ai_draft,5ebe55d9-ec28-4e1f-bba3-3e309275a847,2,eulogy,ai_draft
5ebe55d9-ec28-4e1f-bba3-3e309275a847::2::edited_text,5ebe55d9-ec28-4e1f-bba3-3e309275a847,2,eulogy,edited_text
5ebe55d9-ec28-4e1f-bba3-3e309275a847::3::ai_draft,5ebe55d9-ec28-4e1f-bba3-3e309275a847,3,speech,ai_draft
5ebe55d9-ec28-4e1f-bba3-3e309275a847::3::edited_text,5ebe55d9-ec28-4e1f-bba3-3e309275a847,3,speech,edited_text
5ebe55d9-ec28-4e1f-bba3-3e309275a847::4::ai_draft,5ebe55d9-ec28-4e1f-bba3-3e309275a847,4,thank,ai_draft
5ebe55d9-ec28-4e1f-bba3-3e309275a847::4::edited_text,5ebe55d9-ec28-4e1f-bba3-3e309275a847,4,thank,edited_text
5ebe55d9-ec28-4e1f-bba3-3e309275a847::5::ai_draft,5ebe55d9-ec28-4e1f-bba3-3e309275a847,5,wedding,ai_draft
5ebe55d9-ec28-4e1f-bba3-3e309275a847::5::edited_text,5ebe55d9-ec28-4e1f-bba3-3e309275a847,5,wedding,edited_text
6003984f-f1dd-4a12-a9fb-e0031f48832d::combined_controls::control_reference,6003984f-f1dd-4a12-a9fb-e0031f48832d,combined_controls,multiple,control_reference
6003984f-f1dd-4a12-a9fb-e0031f48832d::2::ai_draft,6003984f-f1dd-4a12-a9fb-e0031f48832d,2,letter,ai_draft
6003984f-f1dd-4a12-a9fb-e0031f48832d::2::edited_text,6003984f-f1dd-4a12-a9fb-e0031f48832d,2,letter,edited_text
6003984f-f1dd-4a12-a9fb-e0031f48832d::3::ai_draft,6003984f-f1dd-4a12-a9fb-e0031f48832d,3,speech,ai_draft
6003984f-f1dd-4a12-a9fb-e0031f48832d::3::edited_text,6003984f-f1dd-4a12-a9fb-e0031f48832d,3,speech,edited_text
6003984f-f1dd-4a12-a9fb-e0031f48832d::4::ai_draft,6003984f-f1dd-4a12-a9fb-e0031f48832d,4,apology,ai_draft
6003984f-f1dd-4a12-a9fb-e0031f48832d::4::edited_text,6003984f-f1dd-4a12-a9fb-e0031f48832d,4,apology,edited_text
6003984f-f1dd-4a12-a9fb-e0031f48832d::5::ai_draft,6003984f-f1dd-4a12-a9fb-e0031f48832d,5,wedding,ai_draft
6003984f-f1dd-4a12-a9fb-e0031f48832d::5::edited_text,6003984f-f1dd-4a12-a9fb-e0031f48832d,5,wedding,edited_text
601a6b65-1891-482f-ba3c-46db6c722f4a::combined_controls::control_reference,601a6b65-1891-482f-ba3c-46db6c722f4a,combined_controls,multiple,control_reference
601a6b65-1891-482f-ba3c-46db6c722f4a::2::ai_draft,601a6b65-1891-482f-ba3c-46db6c722f4a,2,letter,ai_draft
601a6b65-1891-482f-ba3c-46db6c722f4a::2::edited_text,601a6b65-1891-482f-ba3c-46db6c722f4a,2,letter,edited_text
601a6b65-1891-482f-ba3c-46db6c722f4a::3::ai_draft,601a6b65-1891-482f-ba3c-46db6c722f4a,3,condolence,ai_draft
601a6b65-1891-482f-ba3c-46db6c722f4a::3::edited_text,601a6b65-1891-482f-ba3c-46db6c722f4a,3,condolence,edited_text
601a6b65-1891-482f-ba3c-46db6c722f4a::4::ai_draft,601a6b65-1891-482f-ba3c-46db6c722f4a,4,reassurance,ai_draft
601a6b65-1891-482f-ba3c-46db6c722f4a::4::edited_text,601a6b65-1891-482f-ba3c-46db6c722f4a,4,reassurance,edited_text
601a6b65-1891-482f-ba3c-46db6c722f4a::5::ai_draft,601a6b65-1891-482f-ba3c-46db6c722f4a,5,thank,ai_draft
601a6b65-1891-482f-ba3c-46db6c722f4a::5::edited_text,601a6b65-1891-482f-ba3c-46db6c722f4a,5,thank,edited_text
633b5061-eafb-439d-acc4-be045cbf249b::combined_controls::control_reference,633b5061-eafb-439d-acc4-be045cbf249b,combined_controls,multiple,control_reference
633b5061-eafb-439d-acc4-be045cbf249b::0::ai_draft,633b5061-eafb-439d-acc4-be045cbf249b,0,reassurance,ai_draft
633b5061-eafb-439d-acc4-be045cbf249b::0::edited_text,633b5061-eafb-439d-acc4-be045cbf249b,0,reassurance,edited_text
633b5061-eafb-439d-acc4-be045cbf249b::1::ai_draft,633b5061-eafb-439d-acc4-be045cbf249b,1,condolence,ai_draft
633b5061-eafb-439d-acc4-be045cbf249b::1::edited_text,633b5061-eafb-439d-acc4-be045cbf249b,1,condolence,edited_text
633b5061-eafb-439d-acc4-be045cbf249b::2::ai_draft,633b5061-eafb-439d-acc4-be045cbf249b,2,thank,ai_draft
633b5061-eafb-439d-acc4-be045cbf249b::2::edited_text,633b5061-eafb-439d-acc4-be045cbf249b,2,thank,edited_text
633b5061-eafb-439d-acc4-be045cbf249b::3::ai_draft,633b5061-eafb-439d-acc4-be045cbf249b,3,letter,ai_draft
633b5061-eafb-439d-acc4-be045cbf249b::3::edited_text,633b5061-eafb-439d-acc4-be045cbf249b,3,letter,edited_text
6998773e-d1b4-4b6d-ac29-f75d132ecb89::combined_controls::control_reference,6998773e-d1b4-4b6d-ac29-f75d132ecb89,combined_controls,multiple,control_reference
6998773e-d1b4-4b6d-ac29-f75d132ecb89::2::ai_draft,6998773e-d1b4-4b6d-ac29-f75d132ecb89,2,reassurance,ai_draft
6998773e-d1b4-4b6d-ac29-f75d132ecb89::2::edited_text,6998773e-d1b4-4b6d-ac29-f75d132ecb89,2,reassurance,edited_text
6998773e-d1b4-4b6d-ac29-f75d132ecb89::3::ai_draft,6998773e-d1b4-4b6d-ac29-f75d132ecb89,3,letter,ai_draft
6998773e-d1b4-4b6d-ac29-f75d132ecb89::3::edited_text,6998773e-d1b4-4b6d-ac29-f75d132ecb89,3,letter,edited_text
6998773e-d1b4-4b6d-ac29-f75d132ecb89::4::ai_draft,6998773e-d1b4-4b6d-ac29-f75d132ecb89,4,wedding,ai_draft
6998773e-d1b4-4b6d-ac29-f75d132ecb89::4::edited_text,6998773e-d1b4-4b6d-ac29-f75d132ecb89,4,wedding,edited_text
6998773e-d1b4-4b6d-ac29-f75d132ecb89::5::ai_draft,6998773e-d1b4-4b6d-ac29-f75d132ecb89,5,apology,ai_draft
6998773e-d1b4-4b6d-ac29-f75d132ecb89::5::edited_text,6998773e-d1b4-4b6d-ac29-f75d132ecb89,5,apology,edited_text
6c6c9fd2-8452-4e83-975b-1b6a489f13eb::combined_controls::control_reference,6c6c9fd2-8452-4e83-975b-1b6a489f13eb,combined_controls,multiple,control_reference
6c6c9fd2-8452-4e83-975b-1b6a489f13eb::2::ai_draft,6c6c9fd2-8452-4e83-975b-1b6a489f13eb,2,speech,ai_draft
6c6c9fd2-8452-4e83-975b-1b6a489f13eb::2::edited_text,6c6c9fd2-8452-4e83-975b-1b6a489f13eb,2,speech,edited_text
6c6c9fd2-8452-4e83-975b-1b6a489f13eb::3::ai_draft,6c6c9fd2-8452-4e83-975b-1b6a489f13eb,3,thank,ai_draft
6c6c9fd2-8452-4e83-975b-1b6a489f13eb::3::edited_text,6c6c9fd2-8452-4e83-975b-1b6a489f13eb,3,thank,edited_text
6c6c9fd2-8452-4e83-975b-1b6a489f13eb::4::ai_draft,6c6c9fd2-8452-4e83-975b-1b6a489f13eb,4,apology,ai_draft
6c6c9fd2-8452-4e83-975b-1b6a489f13eb::4::edited_text,6c6c9fd2-8452-4e83-975b-1b6a489f13eb,4,apology,edited_text
6c6c9fd2-8452-4e83-975b-1b6a489f13eb::5::ai_draft,6c6c9fd2-8452-4e83-975b-1b6a489f13eb,5,wedding,ai_draft
6c6c9fd2-8452-4e83-975b-1b6a489f13eb::5::edited_text,6c6c9fd2-8452-4e83-975b-1b6a489f13eb,5,wedding,edited_text
6c9db161-b8da-48f4-a9ba-f740f5ab9d93::combined_controls::control_reference,6c9db161-b8da-48f4-a9ba-f740f5ab9d93,combined_controls,multiple,control_reference
6c9db161-b8da-48f4-a9ba-f740f5ab9d93::2::ai_draft,6c9db161-b8da-48f4-a9ba-f740f5ab9d93,2,apology,ai_draft
6c9db161-b8da-48f4-a9ba-f740f5ab9d93::2::edited_text,6c9db161-b8da-48f4-a9ba-f740f5ab9d93,2,apology,edited_text
6c9db161-b8da-48f4-a9ba-f740f5ab9d93::3::ai_draft,6c9db161-b8da-48f4-a9ba-f740f5ab9d93,3,letter,ai_draft
6c9db161-b8da-48f4-a9ba-f740f5ab9d93::3::edited_text,6c9db161-b8da-48f4-a9ba-f740f5ab9d93,3,letter,edited_text
6c9db161-b8da-48f4-a9ba-f740f5ab9d93::4::ai_draft,6c9db161-b8da-48f4-a9ba-f740f5ab9d93,4,thank,ai_draft
6c9db161-b8da-48f4-a9ba-f740f5ab9d93::4::edited_text,6c9db161-b8da-48f4-a9ba-f740f5ab9d93,4,thank,edited_text
6c9db161-b8da-48f4-a9ba-f740f5ab9d93::5::ai_draft,6c9db161-b8da-48f4-a9ba-f740f5ab9d93,5,condolence,ai_draft
6c9db161-b8da-48f4-a9ba-f740f5ab9d93::5::edited_text,6c9db161-b8da-48f4-a9ba-f740f5ab9d93,5,condolence,edited_text
702965f6-e3c0-4fd0-beab-2b57d2e90797::combined_controls::control_reference,702965f6-e3c0-4fd0-beab-2b57d2e90797,combined_controls,multiple,control_reference
702965f6-e3c0-4fd0-beab-2b57d2e90797::0::ai_draft,702965f6-e3c0-4fd0-beab-2b57d2e90797,0,condolence,ai_draft
702965f6-e3c0-4fd0-beab-2b57d2e90797::0::edited_text,702965f6-e3c0-4fd0-beab-2b57d2e90797,0,condolence,edited_text
702965f6-e3c0-4fd0-beab-2b57d2e90797::1::ai_draft,702965f6-e3c0-4fd0-beab-2b57d2e90797,1,reassurance,ai_draft
702965f6-e3c0-4fd0-beab-2b57d2e90797::1::edited_text,702965f6-e3c0-4fd0-beab-2b57d2e90797,1,reassurance,edited_text
702965f6-e3c0-4fd0-beab-2b57d2e90797::2::ai_draft,702965f6-e3c0-4fd0-beab-2b57d2e90797,2,eulogy,ai_draft
702965f6-e3c0-4fd0-beab-2b57d2e90797::2::edited_text,702965f6-e3c0-4fd0-beab-2b57d2e90797,2,eulogy,edited_text
702965f6-e3c0-4fd0-beab-2b57d2e90797::3::ai_draft,702965f6-e3c0-4fd0-beab-2b57d2e90797,3,speech,ai_draft
702965f6-e3c0-4fd0-beab-2b57d2e90797::3::edited_text,702965f6-e3c0-4fd0-beab-2b57d2e90797,3,speech,edited_text
70d867de-7bf1-479e-b0df-f2791efc2269::combined_controls::control_reference,70d867de-7bf1-479e-b0df-f2791efc2269,combined_controls,multiple,control_reference
70d867de-7bf1-479e-b0df-f2791efc2269::2::ai_draft,70d867de-7bf1-479e-b0df-f2791efc2269,2,apology,ai_draft
70d867de-7bf1-479e-b0df-f2791efc2269::2::edited_text,70d867de-7bf1-479e-b0df-f2791efc2269,2,apology,edited_text
70d867de-7bf1-479e-b0df-f2791efc2269::3::ai_draft,70d867de-7bf1-479e-b0df-f2791efc2269,3,reassurance,ai_draft
70d867de-7bf1-479e-b0df-f2791efc2269::3::edited_text,70d867de-7bf1-479e-b0df-f2791efc2269,3,reassurance,edited_text
70d867de-7bf1-479e-b0df-f2791efc2269::4::ai_draft,70d867de-7bf1-479e-b0df-f2791efc2269,4,wedding,ai_draft
70d867de-7bf1-479e-b0df-f2791efc2269::4::edited_text,70d867de-7bf1-479e-b0df-f2791efc2269,4,wedding,edited_text
70d867de-7bf1-479e-b0df-f2791efc2269::5::ai_draft,70d867de-7bf1-479e-b0df-f2791efc2269,5,speech,ai_draft
70d867de-7bf1-479e-b0df-f2791efc2269::5::edited_text,70d867de-7bf1-479e-b0df-f2791efc2269,5,speech,edited_text
79e9c336-6d58-4da1-a022-64dc69586c6e::combined_controls::control_reference,79e9c336-6d58-4da1-a022-64dc69586c6e,combined_controls,multiple,control_reference
79e9c336-6d58-4da1-a022-64dc69586c6e::0::ai_draft,79e9c336-6d58-4da1-a022-64dc69586c6e,0,letter,ai_draft
79e9c336-6d58-4da1-a022-64dc69586c6e::0::edited_text,79e9c336-6d58-4da1-a022-64dc69586c6e,0,letter,edited_text
79e9c336-6d58-4da1-a022-64dc69586c6e::1::ai_draft,79e9c336-6d58-4da1-a022-64dc69586c6e,1,reassurance,ai_draft
79e9c336-6d58-4da1-a022-64dc69586c6e::1::edited_text,79e9c336-6d58-4da1-a022-64dc69586c6e,1,reassurance,edited_text
79e9c336-6d58-4da1-a022-64dc69586c6e::2::ai_draft,79e9c336-6d58-4da1-a022-64dc69586c6e,2,condolence,ai_draft
79e9c336-6d58-4da1-a022-64dc69586c6e::2::edited_text,79e9c336-6d58-4da1-a022-64dc69586c6e,2,condolence,edited_text
79e9c336-6d58-4da1-a022-64dc69586c6e::3::ai_draft,79e9c336-6d58-4da1-a022-64dc69586c6e,3,thank,ai_draft
79e9c336-6d58-4da1-a022-64dc69586c6e::3::edited_text,79e9c336-6d58-4da1-a022-64dc69586c6e,3,thank,edited_text
7e876183-c6fa-4de5-b0b3-4e06019dc486::combined_controls::control_reference,7e876183-c6fa-4de5-b0b3-4e06019dc486,combined_controls,multiple,control_reference
7e876183-c6fa-4de5-b0b3-4e06019dc486::2::ai_draft,7e876183-c6fa-4de5-b0b3-4e06019dc486,2,apology,ai_draft
7e876183-c6fa-4de5-b0b3-4e06019dc486::2::edited_text,7e876183-c6fa-4de5-b0b3-4e06019dc486,2,apology,edited_text
7e876183-c6fa-4de5-b0b3-4e06019dc486::3::ai_draft,7e876183-c6fa-4de5-b0b3-4e06019dc486,3,wedding,ai_draft
7e876183-c6fa-4de5-b0b3-4e06019dc486::3::edited_text,7e876183-c6fa-4de5-b0b3-4e06019dc486,3,wedding,edited_text
7e876183-c6fa-4de5-b0b3-4e06019dc486::4::ai_draft,7e876183-c6fa-4de5-b0b3-4e06019dc486,4,thank,ai_draft
7e876183-c6fa-4de5-b0b3-4e06019dc486::4::edited_text,7e876183-c6fa-4de5-b0b3-4e06019dc486,4,thank,edited_text
7e876183-c6fa-4de5-b0b3-4e06019dc486::5::ai_draft,7e876183-c6fa-4de5-b0b3-4e06019dc486,5,condolence,ai_draft
7e876183-c6fa-4de5-b0b3-4e06019dc486::5::edited_text,7e876183-c6fa-4de5-b0b3-4e06019dc486,5,condolence,edited_text
87c461ed-6bbd-4205-b25a-1d517a9a16e5::combined_controls::control_reference,87c461ed-6bbd-4205-b25a-1d517a9a16e5,combined_controls,multiple,control_reference
87c461ed-6bbd-4205-b25a-1d517a9a16e5::2::ai_draft,87c461ed-6bbd-4205-b25a-1d517a9a16e5,2,reassurance,ai_draft
87c461ed-6bbd-4205-b25a-1d517a9a16e5::2::edited_text,87c461ed-6bbd-4205-b25a-1d517a9a16e5,2,reassurance,edited_text
87c461ed-6bbd-4205-b25a-1d517a9a16e5::3::ai_draft,87c461ed-6bbd-4205-b25a-1d517a9a16e5,3,condolence,ai_draft
87c461ed-6bbd-4205-b25a-1d517a9a16e5::3::edited_text,87c461ed-6bbd-4205-b25a-1d517a9a16e5,3,condolence,edited_text
87c461ed-6bbd-4205-b25a-1d517a9a16e5::4::ai_draft,87c461ed-6bbd-4205-b25a-1d517a9a16e5,4,thank,ai_draft
87c461ed-6bbd-4205-b25a-1d517a9a16e5::4::edited_text,87c461ed-6bbd-4205-b25a-1d517a9a16e5,4,thank,edited_text
87c461ed-6bbd-4205-b25a-1d517a9a16e5::5::ai_draft,87c461ed-6bbd-4205-b25a-1d517a9a16e5,5,apology,ai_draft
87c461ed-6bbd-4205-b25a-1d517a9a16e5::5::edited_text,87c461ed-6bbd-4205-b25a-1d517a9a16e5,5,apology,edited_text
8891e9bd-553c-4445-8692-af9aa1df345b::combined_controls::control_reference,8891e9bd-553c-4445-8692-af9aa1df345b,combined_controls,multiple,control_reference
8891e9bd-553c-4445-8692-af9aa1df345b::2::ai_draft,8891e9bd-553c-4445-8692-af9aa1df345b,2,thank,ai_draft
8891e9bd-553c-4445-8692-af9aa1df345b::2::edited_text,8891e9bd-553c-4445-8692-af9aa1df345b,2,thank,edited_text
8891e9bd-553c-4445-8692-af9aa1df345b::3::ai_draft,8891e9bd-553c-4445-8692-af9aa1df345b,3,speech,ai_draft
8891e9bd-553c-4445-8692-af9aa1df345b::3::edited_text,8891e9bd-553c-4445-8692-af9aa1df345b,3,speech,edited_text
8891e9bd-553c-4445-8692-af9aa1df345b::4::ai_draft,8891e9bd-553c-4445-8692-af9aa1df345b,4,apology,ai_draft
8891e9bd-553c-4445-8692-af9aa1df345b::4::edited_text,8891e9bd-553c-4445-8692-af9aa1df345b,4,apology,edited_text
8891e9bd-553c-4445-8692-af9aa1df345b::5::ai_draft,8891e9bd-553c-4445-8692-af9aa1df345b,5,letter,ai_draft
8891e9bd-553c-4445-8692-af9aa1df345b::5::edited_text,8891e9bd-553c-4445-8692-af9aa1df345b,5,letter,edited_text
8ae99e0d-dea4-4a4b-accb-1145d983f09a::combined_controls::control_reference,8ae99e0d-dea4-4a4b-accb-1145d983f09a,combined_controls,multiple,control_reference
8ae99e0d-dea4-4a4b-accb-1145d983f09a::2::ai_draft,8ae99e0d-dea4-4a4b-accb-1145d983f09a,2,thank,ai_draft
8ae99e0d-dea4-4a4b-accb-1145d983f09a::2::edited_text,8ae99e0d-dea4-4a4b-accb-1145d983f09a,2,thank,edited_text
8ae99e0d-dea4-4a4b-accb-1145d983f09a::3::ai_draft,8ae99e0d-dea4-4a4b-accb-1145d983f09a,3,speech,ai_draft
8ae99e0d-dea4-4a4b-accb-1145d983f09a::3::edited_text,8ae99e0d-dea4-4a4b-accb-1145d983f09a,3,speech,edited_text
8ae99e0d-dea4-4a4b-accb-1145d983f09a::4::ai_draft,8ae99e0d-dea4-4a4b-accb-1145d983f09a,4,letter,ai_draft
8ae99e0d-dea4-4a4b-accb-1145d983f09a::4::edited_text,8ae99e0d-dea4-4a4b-accb-1145d983f09a,4,letter,edited_text
8ae99e0d-dea4-4a4b-accb-1145d983f09a::5::ai_draft,8ae99e0d-dea4-4a4b-accb-1145d983f09a,5,apology,ai_draft
8ae99e0d-dea4-4a4b-accb-1145d983f09a::5::edited_text,8ae99e0d-dea4-4a4b-accb-1145d983f09a,5,apology,edited_text
8ba8d7da-bbcf-44c8-8887-d6b083446deb::combined_controls::control_reference,8ba8d7da-bbcf-44c8-8887-d6b083446deb,combined_controls,multiple,control_reference
8ba8d7da-bbcf-44c8-8887-d6b083446deb::0::ai_draft,8ba8d7da-bbcf-44c8-8887-d6b083446deb,0,thank,ai_draft
8ba8d7da-bbcf-44c8-8887-d6b083446deb::0::edited_text,8ba8d7da-bbcf-44c8-8887-d6b083446deb,0,thank,edited_text
8ba8d7da-bbcf-44c8-8887-d6b083446deb::1::ai_draft,8ba8d7da-bbcf-44c8-8887-d6b083446deb,1,apology,ai_draft
8ba8d7da-bbcf-44c8-8887-d6b083446deb::1::edited_text,8ba8d7da-bbcf-44c8-8887-d6b083446deb,1,apology,edited_text
8ba8d7da-bbcf-44c8-8887-d6b083446deb::2::ai_draft,8ba8d7da-bbcf-44c8-8887-d6b083446deb,2,speech,ai_draft
8ba8d7da-bbcf-44c8-8887-d6b083446deb::2::edited_text,8ba8d7da-bbcf-44c8-8887-d6b083446deb,2,speech,edited_text
8ba8d7da-bbcf-44c8-8887-d6b083446deb::3::ai_draft,8ba8d7da-bbcf-44c8-8887-d6b083446deb,3,condolence,ai_draft
8ba8d7da-bbcf-44c8-8887-d6b083446deb::3::edited_text,8ba8d7da-bbcf-44c8-8887-d6b083446deb,3,condolence,edited_text
8c1d839b-8bda-45bf-a466-1ecd1270be13::combined_controls::control_reference,8c1d839b-8bda-45bf-a466-1ecd1270be13,combined_controls,multiple,control_reference
8c1d839b-8bda-45bf-a466-1ecd1270be13::0::ai_draft,8c1d839b-8bda-45bf-a466-1ecd1270be13,0,letter,ai_draft
8c1d839b-8bda-45bf-a466-1ecd1270be13::0::edited_text,8c1d839b-8bda-45bf-a466-1ecd1270be13,0,letter,edited_text
8c1d839b-8bda-45bf-a466-1ecd1270be13::1::ai_draft,8c1d839b-8bda-45bf-a466-1ecd1270be13,1,speech,ai_draft
8c1d839b-8bda-45bf-a466-1ecd1270be13::1::edited_text,8c1d839b-8bda-45bf-a466-1ecd1270be13,1,speech,edited_text
8c1d839b-8bda-45bf-a466-1ecd1270be13::2::ai_draft,8c1d839b-8bda-45bf-a466-1ecd1270be13,2,reassurance,ai_draft
8c1d839b-8bda-45bf-a466-1ecd1270be13::2::edited_text,8c1d839b-8bda-45bf-a466-1ecd1270be13,2,reassurance,edited_text
8c1d839b-8bda-45bf-a466-1ecd1270be13::3::ai_draft,8c1d839b-8bda-45bf-a466-1ecd1270be13,3,thank,ai_draft
8c1d839b-8bda-45bf-a466-1ecd1270be13::3::edited_text,8c1d839b-8bda-45bf-a466-1ecd1270be13,3,thank,edited_text
93919296-449e-4498-9198-8f21282f387e::combined_controls::control_reference,93919296-449e-4498-9198-8f21282f387e,combined_controls,multiple,control_reference
93919296-449e-4498-9198-8f21282f387e::2::ai_draft,93919296-449e-4498-9198-8f21282f387e,2,thank,ai_draft
93919296-449e-4498-9198-8f21282f387e::2::edited_text,93919296-449e-4498-9198-8f21282f387e,2,thank,edited_text
93919296-449e-4498-9198-8f21282f387e::3::ai_draft,93919296-449e-4498-9198-8f21282f387e,3,reassurance,ai_draft
93919296-449e-4498-9198-8f21282f387e::3::edited_text,93919296-449e-4498-9198-8f21282f387e,3,reassurance,edited_text
93919296-449e-4498-9198-8f21282f387e::4::ai_draft,93919296-449e-4498-9198-8f21282f387e,4,speech,ai_draft
93919296-449e-4498-9198-8f21282f387e::4::edited_text,93919296-449e-4498-9198-8f21282f387e,4,speech,edited_text
93919296-449e-4498-9198-8f21282f387e::5::ai_draft,93919296-449e-4498-9198-8f21282f387e,5,apology,ai_draft
93919296-449e-4498-9198-8f21282f387e::5::edited_text,93919296-449e-4498-9198-8f21282f387e,5,apology,edited_text
93d4e6ef-1df0-4690-a934-51f2ff067a1f::combined_controls::control_reference,93d4e6ef-1df0-4690-a934-51f2ff067a1f,combined_controls,multiple,control_reference
93d4e6ef-1df0-4690-a934-51f2ff067a1f::0::ai_draft,93d4e6ef-1df0-4690-a934-51f2ff067a1f,0,reassurance,ai_draft
93d4e6ef-1df0-4690-a934-51f2ff067a1f::0::edited_text,93d4e6ef-1df0-4690-a934-51f2ff067a1f,0,reassurance,edited_text
93d4e6ef-1df0-4690-a934-51f2ff067a1f::1::ai_draft,93d4e6ef-1df0-4690-a934-51f2ff067a1f,1,condolence,ai_draft
93d4e6ef-1df0-4690-a934-51f2ff067a1f::1::edited_text,93d4e6ef-1df0-4690-a934-51f2ff067a1f,1,condolence,edited_text
93d4e6ef-1df0-4690-a934-51f2ff067a1f::2::ai_draft,93d4e6ef-1df0-4690-a934-51f2ff067a1f,2,apology,ai_draft
93d4e6ef-1df0-4690-a934-51f2ff067a1f::2::edited_text,93d4e6ef-1df0-4690-a934-51f2ff067a1f,2,apology,edited_text
93d4e6ef-1df0-4690-a934-51f2ff067a1f::3::ai_draft,93d4e6ef-1df0-4690-a934-51f2ff067a1f,3,thank,ai_draft
93d4e6ef-1df0-4690-a934-51f2ff067a1f::3::edited_text,93d4e6ef-1df0-4690-a934-51f2ff067a1f,3,thank,edited_text
946ad540-3b18-4f52-96e9-9134d4ec9878::combined_controls::control_reference,946ad540-3b18-4f52-96e9-9134d4ec9878,combined_controls,multiple,control_reference
946ad540-3b18-4f52-96e9-9134d4ec9878::0::ai_draft,946ad540-3b18-4f52-96e9-9134d4ec9878,0,letter,ai_draft
946ad540-3b18-4f52-96e9-9134d4ec9878::0::edited_text,946ad540-3b18-4f52-96e9-9134d4ec9878,0,letter,edited_text
946ad540-3b18-4f52-96e9-9134d4ec9878::1::ai_draft,946ad540-3b18-4f52-96e9-9134d4ec9878,1,apology,ai_draft
946ad540-3b18-4f52-96e9-9134d4ec9878::1::edited_text,946ad540-3b18-4f52-96e9-9134d4ec9878,1,apology,edited_text
946ad540-3b18-4f52-96e9-9134d4ec9878::2::ai_draft,946ad540-3b18-4f52-96e9-9134d4ec9878,2,speech,ai_draft
946ad540-3b18-4f52-96e9-9134d4ec9878::2::edited_text,946ad540-3b18-4f52-96e9-9134d4ec9878,2,speech,edited_text
946ad540-3b18-4f52-96e9-9134d4ec9878::3::ai_draft,946ad540-3b18-4f52-96e9-9134d4ec9878,3,condolence,ai_draft
946ad540-3b18-4f52-96e9-9134d4ec9878::3::edited_text,946ad540-3b18-4f52-96e9-9134d4ec9878,3,condolence,edited_text
9473c36d-e078-4a5b-a106-a4de719f1c1b::combined_controls::control_reference,9473c36d-e078-4a5b-a106-a4de719f1c1b,combined_controls,multiple,control_reference
9473c36d-e078-4a5b-a106-a4de719f1c1b::0::ai_draft,9473c36d-e078-4a5b-a106-a4de719f1c1b,0,thank,ai_draft
9473c36d-e078-4a5b-a106-a4de719f1c1b::0::edited_text,9473c36d-e078-4a5b-a106-a4de719f1c1b,0,thank,edited_text
9473c36d-e078-4a5b-a106-a4de719f1c1b::1::ai_draft,9473c36d-e078-4a5b-a106-a4de719f1c1b,1,apology,ai_draft
9473c36d-e078-4a5b-a106-a4de719f1c1b::1::edited_text,9473c36d-e078-4a5b-a106-a4de719f1c1b,1,apology,edited_text
9473c36d-e078-4a5b-a106-a4de719f1c1b::2::ai_draft,9473c36d-e078-4a5b-a106-a4de719f1c1b,2,reassurance,ai_draft
9473c36d-e078-4a5b-a106-a4de719f1c1b::2::edited_text,9473c36d-e078-4a5b-a106-a4de719f1c1b,2,reassurance,edited_text
9473c36d-e078-4a5b-a106-a4de719f1c1b::3::ai_draft,9473c36d-e078-4a5b-a106-a4de719f1c1b,3,wedding,ai_draft
9473c36d-e078-4a5b-a106-a4de719f1c1b::3::edited_text,9473c36d-e078-4a5b-a106-a4de719f1c1b,3,wedding,edited_text
95648190-a022-43f7-a299-7d7c22e55289::combined_controls::control_reference,95648190-a022-43f7-a299-7d7c22e55289,combined_controls,multiple,control_reference
95648190-a022-43f7-a299-7d7c22e55289::2::ai_draft,95648190-a022-43f7-a299-7d7c22e55289,2,letter,ai_draft
95648190-a022-43f7-a299-7d7c22e55289::2::edited_text,95648190-a022-43f7-a299-7d7c22e55289,2,letter,edited_text
95648190-a022-43f7-a299-7d7c22e55289::3::ai_draft,95648190-a022-43f7-a299-7d7c22e55289,3,apology,ai_draft
95648190-a022-43f7-a299-7d7c22e55289::3::edited_text,95648190-a022-43f7-a299-7d7c22e55289,3,apology,edited_text
95648190-a022-43f7-a299-7d7c22e55289::4::ai_draft,95648190-a022-43f7-a299-7d7c22e55289,4,eulogy,ai_draft
95648190-a022-43f7-a299-7d7c22e55289::4::edited_text,95648190-a022-43f7-a299-7d7c22e55289,4,eulogy,edited_text
95648190-a022-43f7-a299-7d7c22e55289::5::ai_draft,95648190-a022-43f7-a299-7d7c22e55289,5,wedding,ai_draft
95648190-a022-43f7-a299-7d7c22e55289::5::edited_text,95648190-a022-43f7-a299-7d7c22e55289,5,wedding,edited_text
99d7de62-94ed-4cc5-99bf-dbb5974df705::combined_controls::control_reference,99d7de62-94ed-4cc5-99bf-dbb5974df705,combined_controls,multiple,control_reference
99d7de62-94ed-4cc5-99bf-dbb5974df705::2::ai_draft,99d7de62-94ed-4cc5-99bf-dbb5974df705,2,letter,ai_draft
99d7de62-94ed-4cc5-99bf-dbb5974df705::2::edited_text,99d7de62-94ed-4cc5-99bf-dbb5974df705,2,letter,edited_text
99d7de62-94ed-4cc5-99bf-dbb5974df705::3::ai_draft,99d7de62-94ed-4cc5-99bf-dbb5974df705,3,thank,ai_draft
99d7de62-94ed-4cc5-99bf-dbb5974df705::3::edited_text,99d7de62-94ed-4cc5-99bf-dbb5974df705,3,thank,edited_text
99d7de62-94ed-4cc5-99bf-dbb5974df705::4::ai_draft,99d7de62-94ed-4cc5-99bf-dbb5974df705,4,wedding,ai_draft
99d7de62-94ed-4cc5-99bf-dbb5974df705::4::edited_text,99d7de62-94ed-4cc5-99bf-dbb5974df705,4,wedding,edited_text
99d7de62-94ed-4cc5-99bf-dbb5974df705::5::ai_draft,99d7de62-94ed-4cc5-99bf-dbb5974df705,5,speech,ai_draft
99d7de62-94ed-4cc5-99bf-dbb5974df705::5::edited_text,99d7de62-94ed-4cc5-99bf-dbb5974df705,5,speech,edited_text
9c117e71-7c5a-42b2-8767-9a3cbedc17d9::combined_controls::control_reference,9c117e71-7c5a-42b2-8767-9a3cbedc17d9,combined_controls,multiple,control_reference
9c117e71-7c5a-42b2-8767-9a3cbedc17d9::2::ai_draft,9c117e71-7c5a-42b2-8767-9a3cbedc17d9,2,thank,ai_draft
9c117e71-7c5a-42b2-8767-9a3cbedc17d9::2::edited_text,9c117e71-7c5a-42b2-8767-9a3cbedc17d9,2,thank,edited_text
9c117e71-7c5a-42b2-8767-9a3cbedc17d9::3::ai_draft,9c117e71-7c5a-42b2-8767-9a3cbedc17d9,3,condolence,ai_draft
9c117e71-7c5a-42b2-8767-9a3cbedc17d9::3::edited_text,9c117e71-7c5a-42b2-8767-9a3cbedc17d9,3,condolence,edited_text
9c117e71-7c5a-42b2-8767-9a3cbedc17d9::4::ai_draft,9c117e71-7c5a-42b2-8767-9a3cbedc17d9,4,letter,ai_draft
9c117e71-7c5a-42b2-8767-9a3cbedc17d9::4::edited_text,9c117e71-7c5a-42b2-8767-9a3cbedc17d9,4,letter,edited_text
9c117e71-7c5a-42b2-8767-9a3cbedc17d9::5::ai_draft,9c117e71-7c5a-42b2-8767-9a3cbedc17d9,5,speech,ai_draft
9c117e71-7c5a-42b2-8767-9a3cbedc17d9::5::edited_text,9c117e71-7c5a-42b2-8767-9a3cbedc17d9,5,speech,edited_text
9d164220-c497-48ff-8497-55c050213e55::combined_controls::control_reference,9d164220-c497-48ff-8497-55c050213e55,combined_controls,multiple,control_reference
9d164220-c497-48ff-8497-55c050213e55::2::ai_draft,9d164220-c497-48ff-8497-55c050213e55,2,reassurance,ai_draft
9d164220-c497-48ff-8497-55c050213e55::2::edited_text,9d164220-c497-48ff-8497-55c050213e55,2,reassurance,edited_text
9d164220-c497-48ff-8497-55c050213e55::3::ai_draft,9d164220-c497-48ff-8497-55c050213e55,3,thank,ai_draft
9d164220-c497-48ff-8497-55c050213e55::3::edited_text,9d164220-c497-48ff-8497-55c050213e55,3,thank,edited_text
9d164220-c497-48ff-8497-55c050213e55::4::ai_draft,9d164220-c497-48ff-8497-55c050213e55,4,apology,ai_draft
9d164220-c497-48ff-8497-55c050213e55::4::edited_text,9d164220-c497-48ff-8497-55c050213e55,4,apology,edited_text
9d164220-c497-48ff-8497-55c050213e55::5::ai_draft,9d164220-c497-48ff-8497-55c050213e55,5,condolence,ai_draft
9d164220-c497-48ff-8497-55c050213e55::5::edited_text,9d164220-c497-48ff-8497-55c050213e55,5,condolence,edited_text
a03e9b46-d5c1-401e-ba35-3746d2880c76::combined_controls::control_reference,a03e9b46-d5c1-401e-ba35-3746d2880c76,combined_controls,multiple,control_reference
a03e9b46-d5c1-401e-ba35-3746d2880c76::2::ai_draft,a03e9b46-d5c1-401e-ba35-3746d2880c76,2,reassurance,ai_draft
a03e9b46-d5c1-401e-ba35-3746d2880c76::2::edited_text,a03e9b46-d5c1-401e-ba35-3746d2880c76,2,reassurance,edited_text
a03e9b46-d5c1-401e-ba35-3746d2880c76::3::ai_draft,a03e9b46-d5c1-401e-ba35-3746d2880c76,3,apology,ai_draft
a03e9b46-d5c1-401e-ba35-3746d2880c76::3::edited_text,a03e9b46-d5c1-401e-ba35-3746d2880c76,3,apology,edited_text
a03e9b46-d5c1-401e-ba35-3746d2880c76::4::ai_draft,a03e9b46-d5c1-401e-ba35-3746d2880c76,4,speech,ai_draft
a03e9b46-d5c1-401e-ba35-3746d2880c76::4::edited_text,a03e9b46-d5c1-401e-ba35-3746d2880c76,4,speech,edited_text
a03e9b46-d5c1-401e-ba35-3746d2880c76::5::ai_draft,a03e9b46-d5c1-401e-ba35-3746d2880c76,5,thank,ai_draft
a03e9b46-d5c1-401e-ba35-3746d2880c76::5::edited_text,a03e9b46-d5c1-401e-ba35-3746d2880c76,5,thank,edited_text
a1a47852-cad9-495d-a871-6797dc780d4f::combined_controls::control_reference,a1a47852-cad9-495d-a871-6797dc780d4f,combined_controls,multiple,control_reference
a1a47852-cad9-495d-a871-6797dc780d4f::2::ai_draft,a1a47852-cad9-495d-a871-6797dc780d4f,2,thank,ai_draft
a1a47852-cad9-495d-a871-6797dc780d4f::2::edited_text,a1a47852-cad9-495d-a871-6797dc780d4f,2,thank,edited_text
a1a47852-cad9-495d-a871-6797dc780d4f::3::ai_draft,a1a47852-cad9-495d-a871-6797dc780d4f,3,speech,ai_draft
a1a47852-cad9-495d-a871-6797dc780d4f::3::edited_text,a1a47852-cad9-495d-a871-6797dc780d4f,3,speech,edited_text
a1a47852-cad9-495d-a871-6797dc780d4f::4::ai_draft,a1a47852-cad9-495d-a871-6797dc780d4f,4,condolence,ai_draft
a1a47852-cad9-495d-a871-6797dc780d4f::4::edited_text,a1a47852-cad9-495d-a871-6797dc780d4f,4,condolence,edited_text
a1a47852-cad9-495d-a871-6797dc780d4f::5::ai_draft,a1a47852-cad9-495d-a871-6797dc780d4f,5,letter,ai_draft
a1a47852-cad9-495d-a871-6797dc780d4f::5::edited_text,a1a47852-cad9-495d-a871-6797dc780d4f,5,letter,edited_text
a65fbf73-ac73-4c89-8477-fe2768a27dd5::combined_controls::control_reference,a65fbf73-ac73-4c89-8477-fe2768a27dd5,combined_controls,multiple,control_reference
a65fbf73-ac73-4c89-8477-fe2768a27dd5::2::ai_draft,a65fbf73-ac73-4c89-8477-fe2768a27dd5,2,reassurance,ai_draft
a65fbf73-ac73-4c89-8477-fe2768a27dd5::2::edited_text,a65fbf73-ac73-4c89-8477-fe2768a27dd5,2,reassurance,edited_text
a65fbf73-ac73-4c89-8477-fe2768a27dd5::3::ai_draft,a65fbf73-ac73-4c89-8477-fe2768a27dd5,3,eulogy,ai_draft
a65fbf73-ac73-4c89-8477-fe2768a27dd5::3::edited_text,a65fbf73-ac73-4c89-8477-fe2768a27dd5,3,eulogy,edited_text
a65fbf73-ac73-4c89-8477-fe2768a27dd5::4::ai_draft,a65fbf73-ac73-4c89-8477-fe2768a27dd5,4,speech,ai_draft
a65fbf73-ac73-4c89-8477-fe2768a27dd5::4::edited_text,a65fbf73-ac73-4c89-8477-fe2768a27dd5,4,speech,edited_text
a65fbf73-ac73-4c89-8477-fe2768a27dd5::5::ai_draft,a65fbf73-ac73-4c89-8477-fe2768a27dd5,5,thank,ai_draft
a65fbf73-ac73-4c89-8477-fe2768a27dd5::5::edited_text,a65fbf73-ac73-4c89-8477-fe2768a27dd5,5,thank,edited_text
a66edf01-fecd-4939-a982-b7c6684d7a29::combined_controls::control_reference,a66edf01-fecd-4939-a982-b7c6684d7a29,combined_controls,multiple,control_reference
a66edf01-fecd-4939-a982-b7c6684d7a29::0::ai_draft,a66edf01-fecd-4939-a982-b7c6684d7a29,0,wedding,ai_draft
a66edf01-fecd-4939-a982-b7c6684d7a29::0::edited_text,a66edf01-fecd-4939-a982-b7c6684d7a29,0,wedding,edited_text
a66edf01-fecd-4939-a982-b7c6684d7a29::1::ai_draft,a66edf01-fecd-4939-a982-b7c6684d7a29,1,condolence,ai_draft
a66edf01-fecd-4939-a982-b7c6684d7a29::1::edited_text,a66edf01-fecd-4939-a982-b7c6684d7a29,1,condolence,edited_text
a66edf01-fecd-4939-a982-b7c6684d7a29::2::ai_draft,a66edf01-fecd-4939-a982-b7c6684d7a29,2,apology,ai_draft
a66edf01-fecd-4939-a982-b7c6684d7a29::2::edited_text,a66edf01-fecd-4939-a982-b7c6684d7a29,2,apology,edited_text
a66edf01-fecd-4939-a982-b7c6684d7a29::3::ai_draft,a66edf01-fecd-4939-a982-b7c6684d7a29,3,thank,ai_draft
a66edf01-fecd-4939-a982-b7c6684d7a29::3::edited_text,a66edf01-fecd-4939-a982-b7c6684d7a29,3,thank,edited_text
ad73f9f4-5813-4fcc-b875-4ccc998f95b7::combined_controls::control_reference,ad73f9f4-5813-4fcc-b875-4ccc998f95b7,combined_controls,multiple,control_reference
ad73f9f4-5813-4fcc-b875-4ccc998f95b7::2::ai_draft,ad73f9f4-5813-4fcc-b875-4ccc998f95b7,2,thank,ai_draft
ad73f9f4-5813-4fcc-b875-4ccc998f95b7::2::edited_text,ad73f9f4-5813-4fcc-b875-4ccc998f95b7,2,thank,edited_text
ad73f9f4-5813-4fcc-b875-4ccc998f95b7::3::ai_draft,ad73f9f4-5813-4fcc-b875-4ccc998f95b7,3,letter,ai_draft
ad73f9f4-5813-4fcc-b875-4ccc998f95b7::3::edited_text,ad73f9f4-5813-4fcc-b875-4ccc998f95b7,3,letter,edited_text
ad73f9f4-5813-4fcc-b875-4ccc998f95b7::4::ai_draft,ad73f9f4-5813-4fcc-b875-4ccc998f95b7,4,apology,ai_draft
ad73f9f4-5813-4fcc-b875-4ccc998f95b7::4::edited_text,ad73f9f4-5813-4fcc-b875-4ccc998f95b7,4,apology,edited_text
ad73f9f4-5813-4fcc-b875-4ccc998f95b7::5::ai_draft,ad73f9f4-5813-4fcc-b875-4ccc998f95b7,5,reassurance,ai_draft
ad73f9f4-5813-4fcc-b875-4ccc998f95b7::5::edited_text,ad73f9f4-5813-4fcc-b875-4ccc998f95b7,5,reassurance,edited_text
b417dba7-2b67-4496-b985-fc67c15aa748::combined_controls::control_reference,b417dba7-2b67-4496-b985-fc67c15aa748,combined_controls,multiple,control_reference
b417dba7-2b67-4496-b985-fc67c15aa748::0::ai_draft,b417dba7-2b67-4496-b985-fc67c15aa748,0,reassurance,ai_draft
b417dba7-2b67-4496-b985-fc67c15aa748::0::edited_text,b417dba7-2b67-4496-b985-fc67c15aa748,0,reassurance,edited_text
b417dba7-2b67-4496-b985-fc67c15aa748::1::ai_draft,b417dba7-2b67-4496-b985-fc67c15aa748,1,letter,ai_draft
b417dba7-2b67-4496-b985-fc67c15aa748::1::edited_text,b417dba7-2b67-4496-b985-fc67c15aa748,1,letter,edited_text
b417dba7-2b67-4496-b985-fc67c15aa748::2::ai_draft,b417dba7-2b67-4496-b985-fc67c15aa748,2,thank,ai_draft
b417dba7-2b67-4496-b985-fc67c15aa748::2::edited_text,b417dba7-2b67-4496-b985-fc67c15aa748,2,thank,edited_text
b417dba7-2b67-4496-b985-fc67c15aa748::3::ai_draft,b417dba7-2b67-4496-b985-fc67c15aa748,3,condolence,ai_draft
b417dba7-2b67-4496-b985-fc67c15aa748::3::edited_text,b417dba7-2b67-4496-b985-fc67c15aa748,3,condolence,edited_text
bcf3699f-b36e-4652-a117-7e1de296c0f3::combined_controls::control_reference,bcf3699f-b36e-4652-a117-7e1de296c0f3,combined_controls,multiple,control_reference
bcf3699f-b36e-4652-a117-7e1de296c0f3::0::ai_draft,bcf3699f-b36e-4652-a117-7e1de296c0f3,0,apology,ai_draft
bcf3699f-b36e-4652-a117-7e1de296c0f3::0::edited_text,bcf3699f-b36e-4652-a117-7e1de296c0f3,0,apology,edited_text
bcf3699f-b36e-4652-a117-7e1de296c0f3::1::ai_draft,bcf3699f-b36e-4652-a117-7e1de296c0f3,1,thank,ai_draft
bcf3699f-b36e-4652-a117-7e1de296c0f3::1::edited_text,bcf3699f-b36e-4652-a117-7e1de296c0f3,1,thank,edited_text
bcf3699f-b36e-4652-a117-7e1de296c0f3::2::ai_draft,bcf3699f-b36e-4652-a117-7e1de296c0f3,2,letter,ai_draft
bcf3699f-b36e-4652-a117-7e1de296c0f3::2::edited_text,bcf3699f-b36e-4652-a117-7e1de296c0f3,2,letter,edited_text
bcf3699f-b36e-4652-a117-7e1de296c0f3::3::ai_draft,bcf3699f-b36e-4652-a117-7e1de296c0f3,3,reassurance,ai_draft
bcf3699f-b36e-4652-a117-7e1de296c0f3::3::edited_text,bcf3699f-b36e-4652-a117-7e1de296c0f3,3,reassurance,edited_text
c457e22c-d7ad-4ba6-a5eb-457b445a6415::combined_controls::control_reference,c457e22c-d7ad-4ba6-a5eb-457b445a6415,combined_controls,multiple,control_reference
c457e22c-d7ad-4ba6-a5eb-457b445a6415::2::ai_draft,c457e22c-d7ad-4ba6-a5eb-457b445a6415,2,condolence,ai_draft
c457e22c-d7ad-4ba6-a5eb-457b445a6415::2::edited_text,c457e22c-d7ad-4ba6-a5eb-457b445a6415,2,condolence,edited_text
c457e22c-d7ad-4ba6-a5eb-457b445a6415::3::ai_draft,c457e22c-d7ad-4ba6-a5eb-457b445a6415,3,letter,ai_draft
c457e22c-d7ad-4ba6-a5eb-457b445a6415::3::edited_text,c457e22c-d7ad-4ba6-a5eb-457b445a6415,3,letter,edited_text
c457e22c-d7ad-4ba6-a5eb-457b445a6415::4::ai_draft,c457e22c-d7ad-4ba6-a5eb-457b445a6415,4,eulogy,ai_draft
c457e22c-d7ad-4ba6-a5eb-457b445a6415::4::edited_text,c457e22c-d7ad-4ba6-a5eb-457b445a6415,4,eulogy,edited_text
c457e22c-d7ad-4ba6-a5eb-457b445a6415::5::ai_draft,c457e22c-d7ad-4ba6-a5eb-457b445a6415,5,apology,ai_draft
c457e22c-d7ad-4ba6-a5eb-457b445a6415::5::edited_text,c457e22c-d7ad-4ba6-a5eb-457b445a6415,5,apology,edited_text
c558e2d5-8448-41bb-9b4d-279a0ac50263::combined_controls::control_reference,c558e2d5-8448-41bb-9b4d-279a0ac50263,combined_controls,multiple,control_reference
c558e2d5-8448-41bb-9b4d-279a0ac50263::2::ai_draft,c558e2d5-8448-41bb-9b4d-279a0ac50263,2,thank,ai_draft
c558e2d5-8448-41bb-9b4d-279a0ac50263::2::edited_text,c558e2d5-8448-41bb-9b4d-279a0ac50263,2,thank,edited_text
c558e2d5-8448-41bb-9b4d-279a0ac50263::3::ai_draft,c558e2d5-8448-41bb-9b4d-279a0ac50263,3,condolence,ai_draft
c558e2d5-8448-41bb-9b4d-279a0ac50263::3::edited_text,c558e2d5-8448-41bb-9b4d-279a0ac50263,3,condolence,edited_text
c558e2d5-8448-41bb-9b4d-279a0ac50263::4::ai_draft,c558e2d5-8448-41bb-9b4d-279a0ac50263,4,apology,ai_draft
c558e2d5-8448-41bb-9b4d-279a0ac50263::4::edited_text,c558e2d5-8448-41bb-9b4d-279a0ac50263,4,apology,edited_text
c558e2d5-8448-41bb-9b4d-279a0ac50263::5::ai_draft,c558e2d5-8448-41bb-9b4d-279a0ac50263,5,reassurance,ai_draft
c558e2d5-8448-41bb-9b4d-279a0ac50263::5::edited_text,c558e2d5-8448-41bb-9b4d-279a0ac50263,5,reassurance,edited_text
c649bdf1-c479-449c-91bb-eb0986daa185::combined_controls::control_reference,c649bdf1-c479-449c-91bb-eb0986daa185,combined_controls,multiple,control_reference
c649bdf1-c479-449c-91bb-eb0986daa185::0::ai_draft,c649bdf1-c479-449c-91bb-eb0986daa185,0,thank,ai_draft
c649bdf1-c479-449c-91bb-eb0986daa185::0::edited_text,c649bdf1-c479-449c-91bb-eb0986daa185,0,thank,edited_text
c649bdf1-c479-449c-91bb-eb0986daa185::1::ai_draft,c649bdf1-c479-449c-91bb-eb0986daa185,1,condolence,ai_draft
c649bdf1-c479-449c-91bb-eb0986daa185::1::edited_text,c649bdf1-c479-449c-91bb-eb0986daa185,1,condolence,edited_text
c649bdf1-c479-449c-91bb-eb0986daa185::2::ai_draft,c649bdf1-c479-449c-91bb-eb0986daa185,2,wedding,ai_draft
c649bdf1-c479-449c-91bb-eb0986daa185::2::edited_text,c649bdf1-c479-449c-91bb-eb0986daa185,2,wedding,edited_text
c649bdf1-c479-449c-91bb-eb0986daa185::3::ai_draft,c649bdf1-c479-449c-91bb-eb0986daa185,3,apology,ai_draft
c649bdf1-c479-449c-91bb-eb0986daa185::3::edited_text,c649bdf1-c479-449c-91bb-eb0986daa185,3,apology,edited_text
c95c8274-9889-4d96-b769-5af9729da064::combined_controls::control_reference,c95c8274-9889-4d96-b769-5af9729da064,combined_controls,multiple,control_reference
c95c8274-9889-4d96-b769-5af9729da064::2::ai_draft,c95c8274-9889-4d96-b769-5af9729da064,2,apology,ai_draft
c95c8274-9889-4d96-b769-5af9729da064::2::edited_text,c95c8274-9889-4d96-b769-5af9729da064,2,apology,edited_text
c95c8274-9889-4d96-b769-5af9729da064::3::ai_draft,c95c8274-9889-4d96-b769-5af9729da064,3,letter,ai_draft
c95c8274-9889-4d96-b769-5af9729da064::3::edited_text,c95c8274-9889-4d96-b769-5af9729da064,3,letter,edited_text
c95c8274-9889-4d96-b769-5af9729da064::4::ai_draft,c95c8274-9889-4d96-b769-5af9729da064,4,thank,ai_draft
c95c8274-9889-4d96-b769-5af9729da064::4::edited_text,c95c8274-9889-4d96-b769-5af9729da064,4,thank,edited_text
c95c8274-9889-4d96-b769-5af9729da064::5::ai_draft,c95c8274-9889-4d96-b769-5af9729da064,5,speech,ai_draft
c95c8274-9889-4d96-b769-5af9729da064::5::edited_text,c95c8274-9889-4d96-b769-5af9729da064,5,speech,edited_text
c9afe4ed-b46e-4919-a89b-9c3639640775::combined_controls::control_reference,c9afe4ed-b46e-4919-a89b-9c3639640775,combined_controls,multiple,control_reference
c9afe4ed-b46e-4919-a89b-9c3639640775::2::ai_draft,c9afe4ed-b46e-4919-a89b-9c3639640775,2,apology,ai_draft
c9afe4ed-b46e-4919-a89b-9c3639640775::2::edited_text,c9afe4ed-b46e-4919-a89b-9c3639640775,2,apology,edited_text
c9afe4ed-b46e-4919-a89b-9c3639640775::3::ai_draft,c9afe4ed-b46e-4919-a89b-9c3639640775,3,thank,ai_draft
c9afe4ed-b46e-4919-a89b-9c3639640775::3::edited_text,c9afe4ed-b46e-4919-a89b-9c3639640775,3,thank,edited_text
c9afe4ed-b46e-4919-a89b-9c3639640775::4::ai_draft,c9afe4ed-b46e-4919-a89b-9c3639640775,4,letter,ai_draft
c9afe4ed-b46e-4919-a89b-9c3639640775::4::edited_text,c9afe4ed-b46e-4919-a89b-9c3639640775,4,letter,edited_text
c9afe4ed-b46e-4919-a89b-9c3639640775::5::ai_draft,c9afe4ed-b46e-4919-a89b-9c3639640775,5,speech,ai_draft
c9afe4ed-b46e-4919-a89b-9c3639640775::5::edited_text,c9afe4ed-b46e-4919-a89b-9c3639640775,5,speech,edited_text
cb6b9158-75df-42e4-92ac-d2e2d03e66a7::combined_controls::control_reference,cb6b9158-75df-42e4-92ac-d2e2d03e66a7,combined_controls,multiple,control_reference
cb6b9158-75df-42e4-92ac-d2e2d03e66a7::0::ai_draft,cb6b9158-75df-42e4-92ac-d2e2d03e66a7,0,speech,ai_draft
cb6b9158-75df-42e4-92ac-d2e2d03e66a7::0::edited_text,cb6b9158-75df-42e4-92ac-d2e2d03e66a7,0,speech,edited_text
cb6b9158-75df-42e4-92ac-d2e2d03e66a7::1::ai_draft,cb6b9158-75df-42e4-92ac-d2e2d03e66a7,1,reassurance,ai_draft
cb6b9158-75df-42e4-92ac-d2e2d03e66a7::1::edited_text,cb6b9158-75df-42e4-92ac-d2e2d03e66a7,1,reassurance,edited_text
cb6b9158-75df-42e4-92ac-d2e2d03e66a7::2::ai_draft,cb6b9158-75df-42e4-92ac-d2e2d03e66a7,2,wedding,ai_draft
cb6b9158-75df-42e4-92ac-d2e2d03e66a7::2::edited_text,cb6b9158-75df-42e4-92ac-d2e2d03e66a7,2,wedding,edited_text
cb6b9158-75df-42e4-92ac-d2e2d03e66a7::3::ai_draft,cb6b9158-75df-42e4-92ac-d2e2d03e66a7,3,apology,ai_draft
cb6b9158-75df-42e4-92ac-d2e2d03e66a7::3::edited_text,cb6b9158-75df-42e4-92ac-d2e2d03e66a7,3,apology,edited_text
d1850bd6-2dc4-4a79-9b27-da09d1ccb338::combined_controls::control_reference,d1850bd6-2dc4-4a79-9b27-da09d1ccb338,combined_controls,multiple,control_reference
d1850bd6-2dc4-4a79-9b27-da09d1ccb338::2::ai_draft,d1850bd6-2dc4-4a79-9b27-da09d1ccb338,2,letter,ai_draft
d1850bd6-2dc4-4a79-9b27-da09d1ccb338::2::edited_text,d1850bd6-2dc4-4a79-9b27-da09d1ccb338,2,letter,edited_text
d1850bd6-2dc4-4a79-9b27-da09d1ccb338::3::ai_draft,d1850bd6-2dc4-4a79-9b27-da09d1ccb338,3,thank,ai_draft
d1850bd6-2dc4-4a79-9b27-da09d1ccb338::3::edited_text,d1850bd6-2dc4-4a79-9b27-da09d1ccb338,3,thank,edited_text
d1850bd6-2dc4-4a79-9b27-da09d1ccb338::4::ai_draft,d1850bd6-2dc4-4a79-9b27-da09d1ccb338,4,wedding,ai_draft
d1850bd6-2dc4-4a79-9b27-da09d1ccb338::4::edited_text,d1850bd6-2dc4-4a79-9b27-da09d1ccb338,4,wedding,edited_text
d1850bd6-2dc4-4a79-9b27-da09d1ccb338::5::ai_draft,d1850bd6-2dc4-4a79-9b27-da09d1ccb338,5,apology,ai_draft
d1850bd6-2dc4-4a79-9b27-da09d1ccb338::5::edited_text,d1850bd6-2dc4-4a79-9b27-da09d1ccb338,5,apology,edited_text
d1df814b-04d7-45ef-afa9-19333672b460::combined_controls::control_reference,d1df814b-04d7-45ef-afa9-19333672b460,combined_controls,multiple,control_reference
d1df814b-04d7-45ef-afa9-19333672b460::2::ai_draft,d1df814b-04d7-45ef-afa9-19333672b460,2,wedding,ai_draft
d1df814b-04d7-45ef-afa9-19333672b460::2::edited_text,d1df814b-04d7-45ef-afa9-19333672b460,2,wedding,edited_text
d1df814b-04d7-45ef-afa9-19333672b460::3::ai_draft,d1df814b-04d7-45ef-afa9-19333672b460,3,speech,ai_draft
d1df814b-04d7-45ef-afa9-19333672b460::3::edited_text,d1df814b-04d7-45ef-afa9-19333672b460,3,speech,edited_text
d1df814b-04d7-45ef-afa9-19333672b460::4::ai_draft,d1df814b-04d7-45ef-afa9-19333672b460,4,reassurance,ai_draft
d1df814b-04d7-45ef-afa9-19333672b460::4::edited_text,d1df814b-04d7-45ef-afa9-19333672b460,4,reassurance,edited_text
d1df814b-04d7-45ef-afa9-19333672b460::5::ai_draft,d1df814b-04d7-45ef-afa9-19333672b460,5,letter,ai_draft
d1df814b-04d7-45ef-afa9-19333672b460::5::edited_text,d1df814b-04d7-45ef-afa9-19333672b460,5,letter,edited_text
df299e8f-5085-44ff-95c9-6de38dbb72a4::combined_controls::control_reference,df299e8f-5085-44ff-95c9-6de38dbb72a4,combined_controls,multiple,control_reference
df299e8f-5085-44ff-95c9-6de38dbb72a4::2::ai_draft,df299e8f-5085-44ff-95c9-6de38dbb72a4,2,letter,ai_draft
df299e8f-5085-44ff-95c9-6de38dbb72a4::2::edited_text,df299e8f-5085-44ff-95c9-6de38dbb72a4,2,letter,edited_text
df299e8f-5085-44ff-95c9-6de38dbb72a4::3::ai_draft,df299e8f-5085-44ff-95c9-6de38dbb72a4,3,thank,ai_draft
df299e8f-5085-44ff-95c9-6de38dbb72a4::3::edited_text,df299e8f-5085-44ff-95c9-6de38dbb72a4,3,thank,edited_text
df299e8f-5085-44ff-95c9-6de38dbb72a4::4::ai_draft,df299e8f-5085-44ff-95c9-6de38dbb72a4,4,wedding,ai_draft
df299e8f-5085-44ff-95c9-6de38dbb72a4::4::edited_text,df299e8f-5085-44ff-95c9-6de38dbb72a4,4,wedding,edited_text
df299e8f-5085-44ff-95c9-6de38dbb72a4::5::ai_draft,df299e8f-5085-44ff-95c9-6de38dbb72a4,5,condolence,ai_draft
df299e8f-5085-44ff-95c9-6de38dbb72a4::5::edited_text,df299e8f-5085-44ff-95c9-6de38dbb72a4,5,condolence,edited_text
e04e957f-4182-4050-8a59-10c546f3c4be::combined_controls::control_reference,e04e957f-4182-4050-8a59-10c546f3c4be,combined_controls,multiple,control_reference
e04e957f-4182-4050-8a59-10c546f3c4be::2::ai_draft,e04e957f-4182-4050-8a59-10c546f3c4be,2,eulogy,ai_draft
e04e957f-4182-4050-8a59-10c546f3c4be::2::edited_text,e04e957f-4182-4050-8a59-10c546f3c4be,2,eulogy,edited_text
e04e957f-4182-4050-8a59-10c546f3c4be::3::ai_draft,e04e957f-4182-4050-8a59-10c546f3c4be,3,letter,ai_draft
e04e957f-4182-4050-8a59-10c546f3c4be::3::edited_text,e04e957f-4182-4050-8a59-10c546f3c4be,3,letter,edited_text
e04e957f-4182-4050-8a59-10c546f3c4be::4::ai_draft,e04e957f-4182-4050-8a59-10c546f3c4be,4,reassurance,ai_draft
e04e957f-4182-4050-8a59-10c546f3c4be::4::edited_text,e04e957f-4182-4050-8a59-10c546f3c4be,4,reassurance,edited_text
e04e957f-4182-4050-8a59-10c546f3c4be::5::ai_draft,e04e957f-4182-4050-8a59-10c546f3c4be,5,speech,ai_draft
e04e957f-4182-4050-8a59-10c546f3c4be::5::edited_text,e04e957f-4182-4050-8a59-10c546f3c4be,5,speech,edited_text
e181c353-09f4-402b-b7e5-c62f87df85f5::combined_controls::control_reference,e181c353-09f4-402b-b7e5-c62f87df85f5,combined_controls,multiple,control_reference
e181c353-09f4-402b-b7e5-c62f87df85f5::2::ai_draft,e181c353-09f4-402b-b7e5-c62f87df85f5,2,speech,ai_draft
e181c353-09f4-402b-b7e5-c62f87df85f5::2::edited_text,e181c353-09f4-402b-b7e5-c62f87df85f5,2,speech,edited_text
e181c353-09f4-402b-b7e5-c62f87df85f5::3::ai_draft,e181c353-09f4-402b-b7e5-c62f87df85f5,3,thank,ai_draft
e181c353-09f4-402b-b7e5-c62f87df85f5::3::edited_text,e181c353-09f4-402b-b7e5-c62f87df85f5,3,thank,edited_text
e181c353-09f4-402b-b7e5-c62f87df85f5::4::ai_draft,e181c353-09f4-402b-b7e5-c62f87df85f5,4,letter,ai_draft
e181c353-09f4-402b-b7e5-c62f87df85f5::4::edited_text,e181c353-09f4-402b-b7e5-c62f87df85f5,4,letter,edited_text
e181c353-09f4-402b-b7e5-c62f87df85f5::5::ai_draft,e181c353-09f4-402b-b7e5-c62f87df85f5,5,condolence,ai_draft
e181c353-09f4-402b-b7e5-c62f87df85f5::5::edited_text,e181c353-09f4-402b-b7e5-c62f87df85f5,5,condolence,edited_text
e796692a-297a-495e-a059-f32263c2c073::combined_controls::control_reference,e796692a-297a-495e-a059-f32263c2c073,combined_controls,multiple,control_reference
e796692a-297a-495e-a059-f32263c2c073::0::ai_draft,e796692a-297a-495e-a059-f32263c2c073,0,apology,ai_draft
e796692a-297a-495e-a059-f32263c2c073::0::edited_text,e796692a-297a-495e-a059-f32263c2c073,0,apology,edited_text
e796692a-297a-495e-a059-f32263c2c073::1::ai_draft,e796692a-297a-495e-a059-f32263c2c073,1,thank,ai_draft
e796692a-297a-495e-a059-f32263c2c073::1::edited_text,e796692a-297a-495e-a059-f32263c2c073,1,thank,edited_text
e796692a-297a-495e-a059-f32263c2c073::2::ai_draft,e796692a-297a-495e-a059-f32263c2c073,2,speech,ai_draft
e796692a-297a-495e-a059-f32263c2c073::2::edited_text,e796692a-297a-495e-a059-f32263c2c073,2,speech,edited_text
e796692a-297a-495e-a059-f32263c2c073::3::ai_draft,e796692a-297a-495e-a059-f32263c2c073,3,reassurance,ai_draft
e796692a-297a-495e-a059-f32263c2c073::3::edited_text,e796692a-297a-495e-a059-f32263c2c073,3,reassurance,edited_text
e914a063-af74-4e82-9fae-a27aa34cf284::combined_controls::control_reference,e914a063-af74-4e82-9fae-a27aa34cf284,combined_controls,multiple,control_reference
e914a063-af74-4e82-9fae-a27aa34cf284::2::ai_draft,e914a063-af74-4e82-9fae-a27aa34cf284,2,speech,ai_draft
e914a063-af74-4e82-9fae-a27aa34cf284::2::edited_text,e914a063-af74-4e82-9fae-a27aa34cf284,2,speech,edited_text
e914a063-af74-4e82-9fae-a27aa34cf284::3::ai_draft,e914a063-af74-4e82-9fae-a27aa34cf284,3,apology,ai_draft
e914a063-af74-4e82-9fae-a27aa34cf284::3::edited_text,e914a063-af74-4e82-9fae-a27aa34cf284,3,apology,edited_text
e914a063-af74-4e82-9fae-a27aa34cf284::4::ai_draft,e914a063-af74-4e82-9fae-a27aa34cf284,4,letter,ai_draft
e914a063-af74-4e82-9fae-a27aa34cf284::4::edited_text,e914a063-af74-4e82-9fae-a27aa34cf284,4,letter,edited_text
e914a063-af74-4e82-9fae-a27aa34cf284::5::ai_draft,e914a063-af74-4e82-9fae-a27aa34cf284,5,thank,ai_draft
e914a063-af74-4e82-9fae-a27aa34cf284::5::edited_text,e914a063-af74-4e82-9fae-a27aa34cf284,5,thank,edited_text
e9c4bc43-6f2f-4b3f-8ab0-f20947fd04f9::combined_controls::control_reference,e9c4bc43-6f2f-4b3f-8ab0-f20947fd04f9,combined_controls,multiple,control_reference
e9c4bc43-6f2f-4b3f-8ab0-f20947fd04f9::2::ai_draft,e9c4bc43-6f2f-4b3f-8ab0-f20947fd04f9,2,wedding,ai_draft
e9c4bc43-6f2f-4b3f-8ab0-f20947fd04f9::2::edited_text,e9c4bc43-6f2f-4b3f-8ab0-f20947fd04f9,2,wedding,edited_text
e9c4bc43-6f2f-4b3f-8ab0-f20947fd04f9::3::ai_draft,e9c4bc43-6f2f-4b3f-8ab0-f20947fd04f9,3,thank,ai_draft
e9c4bc43-6f2f-4b3f-8ab0-f20947fd04f9::3::edited_text,e9c4bc43-6f2f-4b3f-8ab0-f20947fd04f9,3,thank,edited_text
e9c4bc43-6f2f-4b3f-8ab0-f20947fd04f9::4::ai_draft,e9c4bc43-6f2f-4b3f-8ab0-f20947fd04f9,4,reassurance,ai_draft
e9c4bc43-6f2f-4b3f-8ab0-f20947fd04f9::4::edited_text,e9c4bc43-6f2f-4b3f-8ab0-f20947fd04f9,4,reassurance,edited_text
e9c4bc43-6f2f-4b3f-8ab0-f20947fd04f9::5::ai_draft,e9c4bc43-6f2f-4b3f-8ab0-f20947fd04f9,5,letter,ai_draft
e9c4bc43-6f2f-4b3f-8ab0-f20947fd04f9::5::edited_text,e9c4bc43-6f2f-4b3f-8ab0-f20947fd04f9,5,letter,edited_text
ec874e47-e1e7-400a-b8c2-057063b54e63::combined_controls::control_reference,ec874e47-e1e7-400a-b8c2-057063b54e63,combined_controls,multiple,control_reference
ec874e47-e1e7-400a-b8c2-057063b54e63::2::ai_draft,ec874e47-e1e7-400a-b8c2-057063b54e63,2,speech,ai_draft
ec874e47-e1e7-400a-b8c2-057063b54e63::2::edited_text,ec874e47-e1e7-400a-b8c2-057063b54e63,2,speech,edited_text
ec874e47-e1e7-400a-b8c2-057063b54e63::3::ai_draft,ec874e47-e1e7-400a-b8c2-057063b54e63,3,letter,ai_draft
ec874e47-e1e7-400a-b8c2-057063b54e63::3::edited_text,ec874e47-e1e7-400a-b8c2-057063b54e63,3,letter,edited_text
ec874e47-e1e7-400a-b8c2-057063b54e63::4::ai_draft,ec874e47-e1e7-400a-b8c2-057063b54e63,4,apology,ai_draft
ec874e47-e1e7-400a-b8c2-057063b54e63::4::edited_text,ec874e47-e1e7-400a-b8c2-057063b54e63,4,apology,edited_text
ec874e47-e1e7-400a-b8c2-057063b54e63::5::ai_draft,ec874e47-e1e7-400a-b8c2-057063b54e63,5,reassurance,ai_draft
ec874e47-e1e7-400a-b8c2-057063b54e63::5::edited_text,ec874e47-e1e7-400a-b8c2-057063b54e63,5,reassurance,edited_text
edb2f8e7-ab70-4257-8246-bf4352832807::combined_controls::control_reference,edb2f8e7-ab70-4257-8246-bf4352832807,combined_controls,multiple,control_reference
edb2f8e7-ab70-4257-8246-bf4352832807::0::ai_draft,edb2f8e7-ab70-4257-8246-bf4352832807,0,condolence,ai_draft
edb2f8e7-ab70-4257-8246-bf4352832807::0::edited_text,edb2f8e7-ab70-4257-8246-bf4352832807,0,condolence,edited_text
edb2f8e7-ab70-4257-8246-bf4352832807::1::ai_draft,edb2f8e7-ab70-4257-8246-bf4352832807,1,letter,ai_draft
edb2f8e7-ab70-4257-8246-bf4352832807::1::edited_text,edb2f8e7-ab70-4257-8246-bf4352832807,1,letter,edited_text
edb2f8e7-ab70-4257-8246-bf4352832807::2::ai_draft,edb2f8e7-ab70-4257-8246-bf4352832807,2,eulogy,ai_draft
edb2f8e7-ab70-4257-8246-bf4352832807::2::edited_text,edb2f8e7-ab70-4257-8246-bf4352832807,2,eulogy,edited_text
edb2f8e7-ab70-4257-8246-bf4352832807::3::ai_draft,edb2f8e7-ab70-4257-8246-bf4352832807,3,speech,ai_draft
edb2f8e7-ab70-4257-8246-bf4352832807::3::edited_text,edb2f8e7-ab70-4257-8246-bf4352832807,3,speech,edited_text
f34cb204-36d3-4051-9ae0-0969882d1cda::combined_controls::control_reference,f34cb204-36d3-4051-9ae0-0969882d1cda,combined_controls,multiple,control_reference
f34cb204-36d3-4051-9ae0-0969882d1cda::2::ai_draft,f34cb204-36d3-4051-9ae0-0969882d1cda,2,letter,ai_draft
f34cb204-36d3-4051-9ae0-0969882d1cda::2::edited_text,f34cb204-36d3-4051-9ae0-0969882d1cda,2,letter,edited_text
f34cb204-36d3-4051-9ae0-0969882d1cda::3::ai_draft,f34cb204-36d3-4051-9ae0-0969882d1cda,3,condolence,ai_draft
f34cb204-36d3-4051-9ae0-0969882d1cda::3::edited_text,f34cb204-36d3-4051-9ae0-0969882d1cda,3,condolence,edited_text
f34cb204-36d3-4051-9ae0-0969882d1cda::4::ai_draft,f34cb204-36d3-4051-9ae0-0969882d1cda,4,apology,ai_draft
f34cb204-36d3-4051-9ae0-0969882d1cda::4::edited_text,f34cb204-36d3-4051-9ae0-0969882d1cda,4,apology,edited_text
f34cb204-36d3-4051-9ae0-0969882d1cda::5::ai_draft,f34cb204-36d3-4051-9ae0-0969882d1cda,5,speech,ai_draft
f34cb204-36d3-4051-9ae0-0969882d1cda::5::edited_text,f34cb204-36d3-4051-9ae0-0969882d1cda,5,speech,edited_text
f35a5d38-18e0-4c01-8a53-13fc23a63680::combined_controls::control_reference,f35a5d38-18e0-4c01-8a53-13fc23a63680,combined_controls,multiple,control_reference
f35a5d38-18e0-4c01-8a53-13fc23a63680::2::ai_draft,f35a5d38-18e0-4c01-8a53-13fc23a63680,2,letter,ai_draft
f35a5d38-18e0-4c01-8a53-13fc23a63680::2::edited_text,f35a5d38-18e0-4c01-8a53-13fc23a63680,2,letter,edited_text
f35a5d38-18e0-4c01-8a53-13fc23a63680::3::ai_draft,f35a5d38-18e0-4c01-8a53-13fc23a63680,3,reassurance,ai_draft
f35a5d38-18e0-4c01-8a53-13fc23a63680::3::edited_text,f35a5d38-18e0-4c01-8a53-13fc23a63680,3,reassurance,edited_text
f35a5d38-18e0-4c01-8a53-13fc23a63680::4::ai_draft,f35a5d38-18e0-4c01-8a53-13fc23a63680,4,speech,ai_draft
f35a5d38-18e0-4c01-8a53-13fc23a63680::4::edited_text,f35a5d38-18e0-4c01-8a53-13fc23a63680,4,speech,edited_text
f35a5d38-18e0-4c01-8a53-13fc23a63680::5::ai_draft,f35a5d38-18e0-4c01-8a53-13fc23a63680,5,thank,ai_draft
f35a5d38-18e0-4c01-8a53-13fc23a63680::5::edited_text,f35a5d38-18e0-4c01-8a53-13fc23a63680,5,thank,edited_text
f5d09877-f461-4169-a291-79c17218071d::combined_controls::control_reference,f5d09877-f461-4169-a291-79c17218071d,combined_controls,multiple,control_reference
f5d09877-f461-4169-a291-79c17218071d::2::ai_draft,f5d09877-f461-4169-a291-79c17218071d,2,wedding,ai_draft
f5d09877-f461-4169-a291-79c17218071d::2::edited_text,f5d09877-f461-4169-a291-79c17218071d,2,wedding,edited_text
f5d09877-f461-4169-a291-79c17218071d::3::ai_draft,f5d09877-f461-4169-a291-79c17218071d,3,apology,ai_draft
f5d09877-f461-4169-a291-79c17218071d::3::edited_text,f5d09877-f461-4169-a291-79c17218071d,3,apology,edited_text
f5d09877-f461-4169-a291-79c17218071d::4::ai_draft,f5d09877-f461-4169-a291-79c17218071d,4,eulogy,ai_draft
f5d09877-f461-4169-a291-79c17218071d::4::edited_text,f5d09877-f461-4169-a291-79c17218071d,4,eulogy,edited_text
f5d09877-f461-4169-a291-79c17218071d::5::ai_draft,f5d09877-f461-4169-a291-79c17218071d,5,letter,ai_draft
f5d09877-f461-4169-a291-79c17218071d::5::edited_text,f5d09877-f461-4169-a291-79c17218071d,5,letter,edited_text
f7e55f3c-94b2-4e45-b8c2-e0ef967715ae::combined_controls::control_reference,f7e55f3c-94b2-4e45-b8c2-e0ef967715ae,combined_controls,multiple,control_reference
f7e55f3c-94b2-4e45-b8c2-e0ef967715ae::0::ai_draft,f7e55f3c-94b2-4e45-b8c2-e0ef967715ae,0,apology,ai_draft
f7e55f3c-94b2-4e45-b8c2-e0ef967715ae::0::edited_text,f7e55f3c-94b2-4e45-b8c2-e0ef967715ae,0,apology,edited_text
f7e55f3c-94b2-4e45-b8c2-e0ef967715ae::1::ai_draft,f7e55f3c-94b2-4e45-b8c2-e0ef967715ae,1,letter,ai_draft
f7e55f3c-94b2-4e45-b8c2-e0ef967715ae::1::edited_text,f7e55f3c-94b2-4e45-b8c2-e0ef967715ae,1,letter,edited_text
f7e55f3c-94b2-4e45-b8c2-e0ef967715ae::2::ai_draft,f7e55f3c-94b2-4e45-b8c2-e0ef967715ae,2,speech,ai_draft
f7e55f3c-94b2-4e45-b8c2-e0ef967715ae::2::edited_text,f7e55f3c-94b2-4e45-b8c2-e0ef967715ae,2,speech,edited_text
f7e55f3c-94b2-4e45-b8c2-e0ef967715ae::3::ai_draft,f7e55f3c-94b2-4e45-b8c2-e0ef967715ae,3,condolence,ai_draft
f7e55f3c-94b2-4e45-b8c2-e0ef967715ae::3::edited_text,f7e55f3c-94b2-4e45-b8c2-e0ef967715ae,3,condolence,edited_text
fd93ee7a-8e03-4ead-8a80-9847e589e01e::combined_controls::control_reference,fd93ee7a-8e03-4ead-8a80-9847e589e01e,combined_controls,multiple,control_reference
fd93ee7a-8e03-4ead-8a80-9847e589e01e::0::ai_draft,fd93ee7a-8e03-4ead-8a80-9847e589e01e,0,condolence,ai_draft
fd93ee7a-8e03-4ead-8a80-9847e589e01e::0::edited_text,fd93ee7a-8e03-4ead-8a80-9847e589e01e,0,condolence,edited_text
fd93ee7a-8e03-4ead-8a80-9847e589e01e::1::ai_draft,fd93ee7a-8e03-4ead-8a80-9847e589e01e,1,thank,ai_draft
fd93ee7a-8e03-4ead-8a80-9847e589e01e::1::edited_text,fd93ee7a-8e03-4ead-8a80-9847e589e01e,1,thank,edited_text
fd93ee7a-8e03-4ead-8a80-9847e589e01e::2::ai_draft,fd93ee7a-8e03-4ead-8a80-9847e589e01e,2,letter,ai_draft
fd93ee7a-8e03-4ead-8a80-9847e589e01e::2::edited_text,fd93ee7a-8e03-4ead-8a80-9847e589e01e,2,letter,edited_text
fd93ee7a-8e03-4ead-8a80-9847e589e01e::3::ai_draft,fd93ee7a-8e03-4ead-8a80-9847e589e01e,3,speech,ai_draft
fd93ee7a-8e03-4ead-8a80-9847e589e01e::3::edited_text,fd93ee7a-8e03-4ead-8a80-9847e589e01e,3,speech,edited_text
fe48cc42-b6f0-41a3-b2a0-0c3a1d733997::combined_controls::control_reference,fe48cc42-b6f0-41a3-b2a0-0c3a1d733997,combined_controls,multiple,control_reference
fe48cc42-b6f0-41a3-b2a0-0c3a1d733997::0::ai_draft,fe48cc42-b6f0-41a3-b2a0-0c3a1d733997,0,wedding,ai_draft
fe48cc42-b6f0-41a3-b2a0-0c3a1d733997::0::edited_text,fe48cc42-b6f0-41a3-b2a0-0c3a1d733997,0,wedding,edited_text
fe48cc42-b6f0-41a3-b2a0-0c3a1d733997::1::ai_draft,fe48cc42-b6f0-41a3-b2a0-0c3a1d733997,1,apology,ai_draft
fe48cc42-b6f0-41a3-b2a0-0c3a1d733997::1::edited_text,fe48cc42-b6f0-41a3-b2a0-0c3a1d733997,1,apology,edited_text
fe48cc42-b6f0-41a3-b2a0-0c3a1d733997::2::ai_draft,fe48cc42-b6f0-41a3-b2a0-0c3a1d733997,2,speech,ai_draft
fe48cc42-b6f0-41a3-b2a0-0c3a1d733997::2::edited_text,fe48cc42-b6f0-41a3-b2a0-0c3a1d733997,2,speech,edited_text
fe48cc42-b6f0-41a3-b2a0-0c3a1d733997::3::ai_draft,fe48cc42-b6f0-41a3-b2a0-0c3a1d733997,3,thank,ai_draft
fe48cc42-b6f0-41a3-b2a0-0c3a1d733997::3::edited_text,fe48cc42-b6f0-41a3-b2a0-0c3a1d733997,3,thank,edited_text
