participant_id,task_key,scenario,condition_name,baseline_n,sim_final_to_baseline,sim_gen_to_baseline,sim_final_to_gen
03acc614-1708-42a6-b142-9ef7a0f0ce4e,0,thank,treatment,2,0.7258461981351073,0.6738338172669656,0.9795686385795896
03acc614-1708-42a6-b142-9ef7a0f0ce4e,1,wedding,treatment,2,0.6891088590541322,0.6870834434527144,0.9996808168392951
03acc614-1708-42a6-b142-9ef7a0f0ce4e,2,apology,treatment,2,0.7288354579567353,0.7024026926200116,0.9782652497297123
03acc614-1708-42a6-b142-9ef7a0f0ce4e,3,letter,treatment,2,0.7047075125551825,0.7068868238542941,0.9943674039050618
03acc614-1708-42a6-b142-9ef7a0f0ce4e,4,condolence,control,1,0.8764662890509677,,
03acc614-1708-42a6-b142-9ef7a0f0ce4e,5,reassurance,control,1,0.8764662890509677,,
06285a67-fbc5-4673-9f1b-3e20aff3562f,0,wedding,treatment,2,0.7163155628630634,0.6862956679408666,0.9637059515181954
06285a67-fbc5-4673-9f1b-3e20aff3562f,1,speech,treatment,2,0.7885279170170563,0.7569892341583815,0.9894022045901542
06285a67-fbc5-4673-9f1b-3e20aff3562f,2,condolence,treatment,2,0.8328815756357862,0.8269142666056303,0.9997001598899465
06285a67-fbc5-4673-9f1b-3e20aff3562f,3,eulogy,treatment,2,0.7016635993523456,0.7016635993523456,0.9999999999999999
06285a67-fbc5-4673-9f1b-3e20aff3562f,4,letter,control,1,0.8423942407375038,,
06285a67-fbc5-4673-9f1b-3e20aff3562f,5,reassurance,control,1,0.8423942407375038,,
0a303467-79b1-4641-9591-8c3a36f50413,2,reassurance,treatment,2,0.785023618218303,0.785023618218303,1.0
0a303467-79b1-4641-9591-8c3a36f50413,3,wedding,treatment,2,0.8657217004148112,0.8657217004148112,1.0
0a303467-79b1-4641-9591-8c3a36f50413,4,thank,treatment,2,0.8607475311230065,0.7928392471476344,0.9630477237489363
0a303467-79b1-4641-9591-8c3a36f50413,5,speech,treatment,2,0.8170513526609916,0.8116246872722422,0.9884783489979787
0a303467-79b1-4641-9591-8c3a36f50413,0,apology,control,1,0.8563208135106287,,
0a303467-79b1-4641-9591-8c3a36f50413,1,condolence,control,1,0.8563208135106287,,
0c529ac4-63ef-47e4-a8be-91a12f63242d,2,speech,treatment,2,0.7407386445271615,0.7382942846881536,0.9878616213046321
0c529ac4-63ef-47e4-a8be-91a12f63242d,3,condolence,treatment,2,0.8061383920300236,0.8017616879184074,0.9989482390652007
0c529ac4-63ef-47e4-a8be-91a12f63242d,4,reassurance,treatment,2,0.7548169446855613,0.7177922822534002,0.9939062852285225
0c529ac4-63ef-47e4-a8be-91a12f63242d,5,apology,treatment,2,0.7845612254754375,0.7845612254754375,1.0
0c529ac4-63ef-47e4-a8be-91a12f63242d,0,letter,control,1,0.8505016998853334,,
0c529ac4-63ef-47e4-a8be-91a12f63242d,1,thank,control,1,0.8505016998853334,,
0d91417f-a097-424f-bf12-77b98654c26c,2,letter,treatment,2,0.7255471562572083,0.7037765473955874,0.9854690282195393
0d91417f-a097-424f-bf12-77b98654c26c,3,wedding,treatment,2,0.7922089356498923,0.7763815631839475,0.9769713170211574
0d91417f-a097-424f-bf12-77b98654c26c,4,apology,treatment,2,0.7290536159327782,0.6726899509184325,0.9761608367523537
0d91417f-a097-424f-bf12-77b98654c26c,5,reassurance,treatment,2,0.7547346109634708,0.7547346109634708,1.0000000000000002
0d91417f-a097-424f-bf12-77b98654c26c,0,thank,control,1,0.8903279872964097,,
0d91417f-a097-424f-bf12-77b98654c26c,1,condolence,control,1,0.8903279872964097,,
0e4ed97b-533a-4c35-9268-2610361186c3,0,speech,treatment,2,0.7841435389354188,0.7667706152576029,0.9929500668838811
0e4ed97b-533a-4c35-9268-2610361186c3,1,apology,treatment,2,0.7569938669556652,0.7333356563718288,0.9772093795121876
0e4ed97b-533a-4c35-9268-2610361186c3,2,letter,treatment,2,0.6861962320651699,0.6866180997126038,0.9959069515539481
0e4ed97b-533a-4c35-9268-2610361186c3,3,wedding,treatment,2,0.7391324719866088,0.727710519111518,0.989308089395731
0e4ed97b-533a-4c35-9268-2610361186c3,4,condolence,control,1,0.8837096593029168,,
0e4ed97b-533a-4c35-9268-2610361186c3,5,thank,control,1,0.8837096593029168,,
1460c925-65dc-4f85-9bee-a3029020dd78,2,condolence,treatment,2,0.7256078106846143,0.7187251996338798,0.9967612255558331
1460c925-65dc-4f85-9bee-a3029020dd78,3,wedding,treatment,2,0.709467375726213,0.6966704615700766,0.9928026537250536
1460c925-65dc-4f85-9bee-a3029020dd78,4,speech,treatment,2,0.7713677364446796,0.6896940696507607,0.9565693890700265
1460c925-65dc-4f85-9bee-a3029020dd78,5,thank,treatment,2,0.8400949025853671,0.6876670154626547,0.9229203937584485
1460c925-65dc-4f85-9bee-a3029020dd78,0,apology,control,1,0.8104065796054023,,
1460c925-65dc-4f85-9bee-a3029020dd78,1,reassurance,control,1,0.8104065796054023,,
16e11b3b-7143-40ed-ba2c-c94e96d5be86,0,wedding,treatment,2,0.7618650445222777,0.6841188856253559,0.9571641539950217
16e11b3b-7143-40ed-ba2c-c94e96d5be86,1,speech,treatment,2,0.7139649921542007,0.6707263559829965,0.9767292018650885
16e11b3b-7143-40ed-ba2c-c94e96d5be86,2,condolence,treatment,2,0.6834497732752014,0.6834497732752014,1.0
16e11b3b-7143-40ed-ba2c-c94e96d5be86,3,letter,treatment,2,0.6979442726664846,0.6611489726705482,0.9750351136595078
16e11b3b-7143-40ed-ba2c-c94e96d5be86,4,thank,control,1,0.8906856843283191,,
16e11b3b-7143-40ed-ba2c-c94e96d5be86,5,apology,control,1,0.8906856843283191,,
1a25aba9-d542-49a4-94df-900c081551b6,2,speech,treatment,2,0.7531614928183202,0.7221254727068175,0.9874833794598683
1a25aba9-d542-49a4-94df-900c081551b6,3,wedding,treatment,2,0.7510343601717289,0.7174066567769194,0.9873069304610121
1a25aba9-d542-49a4-94df-900c081551b6,4,condolence,treatment,2,0.7148916956075134,0.7180487068847615,0.9995072068716678
1a25aba9-d542-49a4-94df-900c081551b6,5,letter,treatment,2,0.7545899464327718,0.7248713769125139,0.9801928251925541
1a25aba9-d542-49a4-94df-900c081551b6,0,apology,control,1,0.8668345014316591,,
1a25aba9-d542-49a4-94df-900c081551b6,1,thank,control,1,0.8668345014316591,,
1a6bc3bd-868e-47cf-970d-67cf7d516465,0,wedding,treatment,2,0.8074682757058247,0.804561087323019,0.9800448553462545
1a6bc3bd-868e-47cf-970d-67cf7d516465,1,speech,treatment,2,0.7833535769646736,0.7762811040630164,0.9970041245517702
1a6bc3bd-868e-47cf-970d-67cf7d516465,2,condolence,treatment,2,0.824557389361477,0.8425396495389674,0.9906056146461425
1a6bc3bd-868e-47cf-970d-67cf7d516465,3,letter,treatment,2,0.758043241673383,0.7427226215517428,0.9576797856044138
1a6bc3bd-868e-47cf-970d-67cf7d516465,4,reassurance,control,1,0.8685966112083117,,
1a6bc3bd-868e-47cf-970d-67cf7d516465,5,apology,control,1,0.8685966112083117,,
1b97dea3-013d-476c-96a6-49d2960c7c99,2,thank,treatment,2,0.638968423068001,0.6204872822919869,0.9951808737581576
1b97dea3-013d-476c-96a6-49d2960c7c99,3,reassurance,treatment,2,0.6364944329653429,0.6364944329653429,1.0000000000000002
1b97dea3-013d-476c-96a6-49d2960c7c99,4,speech,treatment,2,0.6726626014418399,0.6726626014418399,1.0
1b97dea3-013d-476c-96a6-49d2960c7c99,5,apology,treatment,2,0.6895164943699177,0.6698058602440389,0.9970292090021907
1b97dea3-013d-476c-96a6-49d2960c7c99,0,condolence,control,1,0.8692968995753478,,
1b97dea3-013d-476c-96a6-49d2960c7c99,1,letter,control,1,0.8692968995753478,,
1f506d3f-b34d-4657-9820-ef232904554d,2,reassurance,treatment,2,0.7520877321649115,0.7544836733946952,0.994242874978044
1f506d3f-b34d-4657-9820-ef232904554d,3,thank,treatment,2,0.8550045949000604,0.8521125467673288,0.9986099111727734
1f506d3f-b34d-4657-9820-ef232904554d,4,letter,treatment,2,0.7477261895701874,0.7155151575003406,0.9847648629803398
1f506d3f-b34d-4657-9820-ef232904554d,5,wedding,treatment,2,0.8645477339267812,0.8400484131816126,0.9825171031486358
1f506d3f-b34d-4657-9820-ef232904554d,0,condolence,control,1,0.8961959805081259,,
1f506d3f-b34d-4657-9820-ef232904554d,1,apology,control,1,0.8961959805081259,,
21d20b0e-b89e-42a8-b0bb-cb8b2d2e35df,0,condolence,treatment,2,0.8864834999290646,0.8889036941428887,0.9752408758460861
21d20b0e-b89e-42a8-b0bb-cb8b2d2e35df,1,apology,treatment,2,0.807712814486344,0.7897007573272155,0.991503519439381
21d20b0e-b89e-42a8-b0bb-cb8b2d2e35df,2,wedding,treatment,2,0.838946912803116,0.8185627850718525,0.9964590856505368
21d20b0e-b89e-42a8-b0bb-cb8b2d2e35df,3,speech,treatment,2,0.8368649247406431,0.8355593007312012,0.9803256496925663
21d20b0e-b89e-42a8-b0bb-cb8b2d2e35df,4,thank,control,1,0.8445744922945213,,
21d20b0e-b89e-42a8-b0bb-cb8b2d2e35df,5,reassurance,control,1,0.8445744922945213,,
28bc03dc-f524-4a10-b9aa-4368bd13df42,2,wedding,treatment,2,0.7159530778612493,0.7165248339969518,0.9997517091694308
28bc03dc-f524-4a10-b9aa-4368bd13df42,3,thank,treatment,2,0.8008815714966201,0.8004149596907114,0.9972632431578358
28bc03dc-f524-4a10-b9aa-4368bd13df42,4,letter,treatment,2,0.7270688018015816,0.7270688018015816,1.0
28bc03dc-f524-4a10-b9aa-4368bd13df42,5,speech,treatment,2,0.7857086332513381,0.7857086332513381,1.0
28bc03dc-f524-4a10-b9aa-4368bd13df42,0,condolence,control,1,0.8348917744076092,,
28bc03dc-f524-4a10-b9aa-4368bd13df42,1,reassurance,control,1,0.8348917744076092,,
2af273f2-bea4-4638-9cd7-4a8d3a0b8f26,0,reassurance,treatment,2,0.7040841517430724,0.7230981564227952,0.9875766210540824
2af273f2-bea4-4638-9cd7-4a8d3a0b8f26,1,apology,treatment,2,0.736700420188596,0.7293924137439651,0.997375952678669
2af273f2-bea4-4638-9cd7-4a8d3a0b8f26,2,thank,treatment,2,0.7935264040434095,0.7925675856281614,0.9994835175100787
2af273f2-bea4-4638-9cd7-4a8d3a0b8f26,3,speech,treatment,2,0.7672935448616686,0.7544986017419544,0.9749420110175432
2af273f2-bea4-4638-9cd7-4a8d3a0b8f26,4,wedding,control,1,0.8482932955639741,,
2af273f2-bea4-4638-9cd7-4a8d3a0b8f26,5,eulogy,control,1,0.8482932955639741,,
32a9cad7-5b1c-480f-832c-1cedb782d226,2,reassurance,treatment,2,0.7763628047622523,0.6706819919707979,0.9512976227365406
32a9cad7-5b1c-480f-832c-1cedb782d226,3,eulogy,treatment,2,0.7853307035018531,0.6668875740970368,0.9479044956868857
32a9cad7-5b1c-480f-832c-1cedb782d226,4,letter,treatment,2,0.7666462339875493,0.6887220698148773,0.9592102129949209
32a9cad7-5b1c-480f-832c-1cedb782d226,5,thank,treatment,2,0.8063709948813178,0.6592169400404118,0.9257554358449678
32a9cad7-5b1c-480f-832c-1cedb782d226,0,speech,control,1,0.8714707682406102,,
32a9cad7-5b1c-480f-832c-1cedb782d226,1,apology,control,1,0.8714707682406102,,
354ff2f3-d1e5-40ee-9b32-f1c81c5d4df5,0,reassurance,treatment,2,0.7817979725131395,0.7082731036170746,0.9419521098129703
354ff2f3-d1e5-40ee-9b32-f1c81c5d4df5,1,thank,treatment,2,0.7468040752926679,0.7468040752926679,0.9999999999999999
354ff2f3-d1e5-40ee-9b32-f1c81c5d4df5,2,speech,treatment,2,0.8325783153932422,0.7390173227398625,0.9124162387457792
354ff2f3-d1e5-40ee-9b32-f1c81c5d4df5,3,wedding,treatment,2,0.8092808727342734,0.7579185273806284,0.939696644563582
354ff2f3-d1e5-40ee-9b32-f1c81c5d4df5,4,letter,control,1,0.8530686969408084,,
354ff2f3-d1e5-40ee-9b32-f1c81c5d4df5,5,apology,control,1,0.8530686969408084,,
357b9f78-df87-4775-a67e-9a41bebbc02f,2,wedding,treatment,2,0.7186659417140562,0.7101731691562686,0.9920392013306526
357b9f78-df87-4775-a67e-9a41bebbc02f,3,speech,treatment,2,0.800635446337716,0.6995542879086004,0.9000278892012731
357b9f78-df87-4775-a67e-9a41bebbc02f,4,thank,treatment,2,0.7383803763477265,0.6977982780659614,0.9886401951061284
357b9f78-df87-4775-a67e-9a41bebbc02f,5,letter,treatment,2,0.807117933120173,0.8092373076652603,0.9900569798970704
357b9f78-df87-4775-a67e-9a41bebbc02f,0,eulogy,control,1,0.703150038206661,,
357b9f78-df87-4775-a67e-9a41bebbc02f,1,reassurance,control,1,0.703150038206661,,
36f7c04d-9eb6-41fa-ae60-a6ad6fa1c429,2,letter,treatment,2,0.8124586372378476,0.7927731304557218,0.9924752218427565
36f7c04d-9eb6-41fa-ae60-a6ad6fa1c429,3,reassurance,treatment,2,0.7817461846010453,0.749809025443295,0.9917448470392872
36f7c04d-9eb6-41fa-ae60-a6ad6fa1c429,4,thank,treatment,2,0.8450752192796888,0.8275788671452906,0.9932837184387414
36f7c04d-9eb6-41fa-ae60-a6ad6fa1c429,5,condolence,treatment,2,0.8732834105406148,0.8209810413373041,0.9808589627886283
36f7c04d-9eb6-41fa-ae60-a6ad6fa1c429,0,speech,control,1,0.8757599511619221,,
36f7c04d-9eb6-41fa-ae60-a6ad6fa1c429,1,apology,control,1,0.8757599511619221,,
379876ef-ea66-4914-90c7-052d13ad9036,0,condolence,treatment,2,0.8255548611455722,0.8103611555083868,0.9798778335330272
379876ef-ea66-4914-90c7-052d13ad9036,1,letter,treatment,2,0.8014654357597054,0.8071538395417536,0.9801131336256046
379876ef-ea66-4914-90c7-052d13ad9036,2,speech,treatment,2,0.8261591749593821,0.8173604101288836,0.9880308396616547
379876ef-ea66-4914-90c7-052d13ad9036,3,eulogy,treatment,2,0.8101017162891312,0.8063421724892951,0.9894007011752164
379876ef-ea66-4914-90c7-052d13ad9036,4,wedding,control,1,0.7948423735221855,,
379876ef-ea66-4914-90c7-052d13ad9036,5,apology,control,1,0.7948423735221855,,
417a64ff-e3b5-45c1-a926-83e8b3897840,2,condolence,treatment,2,0.78644598857128,0.7814791397370651,0.9951141161681449
417a64ff-e3b5-45c1-a926-83e8b3897840,3,letter,treatment,2,0.7181885819141544,0.7208326507569279,0.9785106833771784
417a64ff-e3b5-45c1-a926-83e8b3897840,4,speech,treatment,2,0.7980708489577729,0.7980708489577729,0.9999999999999999
417a64ff-e3b5-45c1-a926-83e8b3897840,5,thank,treatment,2,0.8561400227749382,0.8532201840377418,0.9990624739263022
417a64ff-e3b5-45c1-a926-83e8b3897840,0,apology,control,1,0.877231210395242,,
417a64ff-e3b5-45c1-a926-83e8b3897840,1,wedding,control,1,0.877231210395242,,
47936247-3b3b-4aec-a540-0199ded5b35f,0,letter,treatment,2,0.8533848789437548,0.7151738261798553,0.750607581692814
47936247-3b3b-4aec-a540-0199ded5b35f,1,reassurance,treatment,2,0.902056800837724,0.7697352460491442,0.7509182664357203
47936247-3b3b-4aec-a540-0199ded5b35f,2,apology,treatment,2,0.7761147201852617,0.7322099714014202,0.969429493972427
47936247-3b3b-4aec-a540-0199ded5b35f,3,condolence,treatment,2,0.8178523481821356,0.7630554057869289,0.9674838153575962
47936247-3b3b-4aec-a540-0199ded5b35f,4,speech,control,1,0.8674655273983553,,
47936247-3b3b-4aec-a540-0199ded5b35f,5,thank,control,1,0.8674655273983553,,
4cc3c761-a0ef-4a7d-b572-f933d9f34d7e,2,apology,treatment,2,0.7897863753400175,0.782624433826006,0.9947822431348606
4cc3c761-a0ef-4a7d-b572-f933d9f34d7e,3,speech,treatment,2,0.8701984499416544,0.8009951955886995,0.9063259510354253
4cc3c761-a0ef-4a7d-b572-f933d9f34d7e,4,wedding,treatment,2,0.8034053375070502,0.8096440333761976,0.9869854729735352
4cc3c761-a0ef-4a7d-b572-f933d9f34d7e,5,condolence,treatment,2,0.8662318035703996,0.858923381563897,0.9889891269239103
4cc3c761-a0ef-4a7d-b572-f933d9f34d7e,0,thank,control,1,0.8815393817057549,,
4cc3c761-a0ef-4a7d-b572-f933d9f34d7e,1,reassurance,control,1,0.8815393817057549,,
4d13e808-d845-407b-8891-abc4bbd755a3,0,reassurance,treatment,2,0.8026700693335539,0.7989107518065968,0.9917787106062503
4d13e808-d845-407b-8891-abc4bbd755a3,1,wedding,treatment,2,0.8699726112219469,0.8603079671158372,0.9954929744250927
4d13e808-d845-407b-8891-abc4bbd755a3,2,letter,treatment,2,0.7747481691769521,0.7452219627151614,0.9837655508385196
4d13e808-d845-407b-8891-abc4bbd755a3,3,apology,treatment,2,0.869462481408521,0.8513941408470308,0.9928467715887668
4d13e808-d845-407b-8891-abc4bbd755a3,4,speech,control,1,0.8746920816550946,,
4d13e808-d845-407b-8891-abc4bbd755a3,5,thank,control,1,0.8746920816550946,,
54b36269-e8c7-475b-8d5c-8d028a523f32,2,speech,treatment,2,0.8087540082114603,0.7786569324016644,0.9792769154033953
54b36269-e8c7-475b-8d5c-8d028a523f32,3,reassurance,treatment,2,0.743389503058154,0.7427324354466467,0.9987569123444894
54b36269-e8c7-475b-8d5c-8d028a523f32,4,thank,treatment,2,0.7958891828688893,0.8037723991447454,0.9944491029783215
54b36269-e8c7-475b-8d5c-8d028a523f32,5,wedding,treatment,2,0.8072624451808621,0.7835221445270988,0.9876405323032621
54b36269-e8c7-475b-8d5c-8d028a523f32,0,condolence,control,1,0.8601095852365663,,
54b36269-e8c7-475b-8d5c-8d028a523f32,1,apology,control,1,0.8601095852365663,,
572392a4-224e-4261-ad20-1c06fabc9220,0,speech,treatment,2,0.717688690074847,0.717688690074847,1.0
572392a4-224e-4261-ad20-1c06fabc9220,1,reassurance,treatment,2,0.732913375261519,0.732913375261519,1.0
572392a4-224e-4261-ad20-1c06fabc9220,2,wedding,treatment,2,0.7593492176872069,0.7593492176872069,0.9999999999999999
572392a4-224e-4261-ad20-1c06fabc9220,3,apology,treatment,2,0.6578311990050388,0.6578311990050388,1.0
572392a4-224e-4261-ad20-1c06fabc9220,4,letter,control,1,0.874381295810095,,
572392a4-224e-4261-ad20-1c06fabc9220,5,thank,control,1,0.874381295810095,,
57f6eb08-1334-4d1d-b32e-7ead2fae69b5,0,speech,treatment,2,0.764143584118704,0.7284207196469502,0.9529409730429919
57f6eb08-1334-4d1d-b32e-7ead2fae69b5,1,apology,treatment,2,0.7623094574580639,0.7414997298136933,0.9927256522680926
57f6eb08-1334-4d1d-b32e-7ead2fae69b5,2,thank,treatment,2,0.7754268221342393,0.7497184612283251,0.9921870539707836
57f6eb08-1334-4d1d-b32e-7ead2fae69b5,3,wedding,treatment,2,0.8421394075986308,0.8173364555978025,0.9906182864076025
57f6eb08-1334-4d1d-b32e-7ead2fae69b5,4,reassurance,control,1,0.8389035064655455,,
57f6eb08-1334-4d1d-b32e-7ead2fae69b5,5,letter,control,1,0.8389035064655455,,
58a194df-223f-48a6-b63e-6dd56c0f2b57,2,thank,treatment,2,0.8400749077336112,0.7859239351677393,0.9042184170059089
58a194df-223f-48a6-b63e-6dd56c0f2b57,3,wedding,treatment,2,0.8036389751120709,0.7411274875112608,0.9077287670565922
58a194df-223f-48a6-b63e-6dd56c0f2b57,4,letter,treatment,2,0.7125407542678598,0.6960177374212394,0.9632375544410573
58a194df-223f-48a6-b63e-6dd56c0f2b57,5,speech,treatment,2,0.7619572151891063,0.7844697352318954,0.9536475453604694
58a194df-223f-48a6-b63e-6dd56c0f2b57,0,condolence,control,1,0.8043338845002358,,
58a194df-223f-48a6-b63e-6dd56c0f2b57,1,reassurance,control,1,0.8043338845002358,,
5ebe55d9-ec28-4e1f-bba3-3e309275a847,2,eulogy,treatment,2,0.9120200793809726,0.732268089692538,0.720539060137185
5ebe55d9-ec28-4e1f-bba3-3e309275a847,3,speech,treatment,2,0.7732592001932657,0.6934762064813655,0.9396534823794455
5ebe55d9-ec28-4e1f-bba3-3e309275a847,4,thank,treatment,2,0.7845636574395162,0.7524303720897977,0.9910449044009271
5ebe55d9-ec28-4e1f-bba3-3e309275a847,5,wedding,treatment,2,0.784244856362522,0.7663791880419506,0.9835692079516728
5ebe55d9-ec28-4e1f-bba3-3e309275a847,0,apology,control,1,0.8954179696801998,,
5ebe55d9-ec28-4e1f-bba3-3e309275a847,1,reassurance,control,1,0.8954179696801998,,
6003984f-f1dd-4a12-a9fb-e0031f48832d,2,letter,treatment,2,0.7537583791748571,0.7473770435342122,0.9793398466364612
6003984f-f1dd-4a12-a9fb-e0031f48832d,3,speech,treatment,2,0.8327044898698939,0.8198750610698295,0.9706141410282858
6003984f-f1dd-4a12-a9fb-e0031f48832d,4,apology,treatment,2,0.8023254959627192,0.7953536579092213,0.9951149866455942
6003984f-f1dd-4a12-a9fb-e0031f48832d,5,wedding,treatment,2,0.7898354711135196,0.7423488775096507,0.9195942214574041
6003984f-f1dd-4a12-a9fb-e0031f48832d,0,condolence,control,1,0.8947248974467212,,
6003984f-f1dd-4a12-a9fb-e0031f48832d,1,thank,control,1,0.8947248974467212,,
601a6b65-1891-482f-ba3c-46db6c722f4a,2,letter,treatment,2,0.7507728626760104,0.7309019682590625,0.9349165011485089
601a6b65-1891-482f-ba3c-46db6c722f4a,3,condolence,treatment,2,0.8517588738791463,0.8489834020857718,0.9666200967699909
601a6b65-1891-482f-ba3c-46db6c722f4a,4,reassurance,treatment,2,0.7446525379944836,0.7165129977450762,0.9689242546851838
601a6b65-1891-482f-ba3c-46db6c722f4a,5,thank,treatment,2,0.7114469592493464,0.7564819012729909,0.975487011266075
601a6b65-1891-482f-ba3c-46db6c722f4a,0,apology,control,1,0.7814341653612336,,
601a6b65-1891-482f-ba3c-46db6c722f4a,1,eulogy,control,1,0.7814341653612336,,
633b5061-eafb-439d-acc4-be045cbf249b,0,reassurance,treatment,2,0.8216486509626021,0.7488954103988247,0.8464916751023603
633b5061-eafb-439d-acc4-be045cbf249b,1,condolence,treatment,2,0.8180522111242227,0.7898371686400165,0.8920144843223023
633b5061-eafb-439d-acc4-be045cbf249b,2,thank,treatment,2,0.8611576258584818,0.7341599044241257,0.8402142173006315
633b5061-eafb-439d-acc4-be045cbf249b,3,letter,treatment,2,0.7795616995324187,0.7332244338638815,0.8981797221062473
633b5061-eafb-439d-acc4-be045cbf249b,4,speech,control,1,0.8340350808884907,,
633b5061-eafb-439d-acc4-be045cbf249b,5,apology,control,1,0.8340350808884907,,
6998773e-d1b4-4b6d-ac29-f75d132ecb89,2,reassurance,treatment,2,0.7400017417717818,0.7137747498470208,0.9904083211874368
6998773e-d1b4-4b6d-ac29-f75d132ecb89,3,letter,treatment,2,0.8096715541614553,0.7915647107720812,0.989696138790337
6998773e-d1b4-4b6d-ac29-f75d132ecb89,4,wedding,treatment,2,0.8230737257576672,0.7895693867718165,0.9896236229508203
6998773e-d1b4-4b6d-ac29-f75d132ecb89,5,apology,treatment,2,0.7488117367725952,0.7515969294233062,0.9957001004090974
6998773e-d1b4-4b6d-ac29-f75d132ecb89,0,speech,control,1,0.8790687883780063,,
6998773e-d1b4-4b6d-ac29-f75d132ecb89,1,thank,control,1,0.8790687883780063,,
6c6c9fd2-8452-4e83-975b-1b6a489f13eb,2,speech,treatment,2,0.7380439376431172,0.7291149069653651,0.9949081934206067
6c6c9fd2-8452-4e83-975b-1b6a489f13eb,3,thank,treatment,2,0.794864586389042,0.7576191242898207,0.9851099803832455
6c6c9fd2-8452-4e83-975b-1b6a489f13eb,4,apology,treatment,2,0.7293313500450104,0.7120535009840547,0.9945277772286266
6c6c9fd2-8452-4e83-975b-1b6a489f13eb,5,wedding,treatment,2,0.7202701348428162,0.7202701348428162,1.0
6c6c9fd2-8452-4e83-975b-1b6a489f13eb,0,reassurance,control,1,0.8286566973100525,,
6c6c9fd2-8452-4e83-975b-1b6a489f13eb,1,condolence,control,1,0.8286566973100525,,
6c9db161-b8da-48f4-a9ba-f740f5ab9d93,2,apology,treatment,2,0.8102364391488142,0.801983124687464,0.9941977032068118
6c9db161-b8da-48f4-a9ba-f740f5ab9d93,3,letter,treatment,2,0.7664325513639683,0.7622667872121168,0.9983336002471113
6c9db161-b8da-48f4-a9ba-f740f5ab9d93,4,thank,treatment,2,0.8007739138409072,0.8007739138409072,0.9999999999999998
6c9db161-b8da-48f4-a9ba-f740f5ab9d93,5,condolence,treatment,2,0.8479858214588498,0.8429473677028486,0.9889875960607761
6c9db161-b8da-48f4-a9ba-f740f5ab9d93,0,reassurance,control,1,0.8485617729549234,,
6c9db161-b8da-48f4-a9ba-f740f5ab9d93,1,speech,control,1,0.8485617729549234,,
702965f6-e3c0-4fd0-beab-2b57d2e90797,0,condolence,treatment,2,0.8193428772002747,0.7244371429493832,0.8254074597334417
702965f6-e3c0-4fd0-beab-2b57d2e90797,1,reassurance,treatment,2,0.7856348673956121,0.6982198916901269,0.8640244206574639
702965f6-e3c0-4fd0-beab-2b57d2e90797,2,eulogy,treatment,2,0.7512634921296532,0.6952347334157281,0.9169643421851507
702965f6-e3c0-4fd0-beab-2b57d2e90797,3,speech,treatment,2,0.7997779932332056,0.6531885841204431,0.8747018185426416
702965f6-e3c0-4fd0-beab-2b57d2e90797,4,thank,control,1,0.8071148919241767,,
702965f6-e3c0-4fd0-beab-2b57d2e90797,5,apology,control,1,0.8071148919241767,,
70d867de-7bf1-479e-b0df-f2791efc2269,2,apology,treatment,2,0.8057482054565942,0.7510449844527786,0.9771750791319863
70d867de-7bf1-479e-b0df-f2791efc2269,3,reassurance,treatment,2,0.8015545125410352,0.7422712552584403,0.968170164851074
70d867de-7bf1-479e-b0df-f2791efc2269,4,wedding,treatment,2,0.8550123372307206,0.7536594287403987,0.9391368429155125
70d867de-7bf1-479e-b0df-f2791efc2269,5,speech,treatment,2,0.8421501211691343,0.6657443833061393,0.8975014872690804
70d867de-7bf1-479e-b0df-f2791efc2269,0,thank,control,1,0.8230196811831931,,
70d867de-7bf1-479e-b0df-f2791efc2269,1,condolence,control,1,0.8230196811831931,,
79e9c336-6d58-4da1-a022-64dc69586c6e,0,letter,treatment,2,0.7759779041255138,0.7698185026998661,0.9102149153859779
79e9c336-6d58-4da1-a022-64dc69586c6e,1,reassurance,treatment,2,0.8381133398037968,0.7400543152624034,0.869836194491565
79e9c336-6d58-4da1-a022-64dc69586c6e,2,condolence,treatment,2,0.8503701948860002,0.7701981998075629,0.9166170881638991
79e9c336-6d58-4da1-a022-64dc69586c6e,3,thank,treatment,2,0.8469720588200829,0.7844249856071288,0.852224215638337
79e9c336-6d58-4da1-a022-64dc69586c6e,4,apology,control,1,0.7738340449973685,,
79e9c336-6d58-4da1-a022-64dc69586c6e,5,speech,control,1,0.7738340449973685,,
7e876183-c6fa-4de5-b0b3-4e06019dc486,2,apology,treatment,2,0.8334587307421749,0.8085569235032263,0.9770930666422526
7e876183-c6fa-4de5-b0b3-4e06019dc486,3,wedding,treatment,2,0.8419768322117095,0.816750135611588,0.9712167844588174
7e876183-c6fa-4de5-b0b3-4e06019dc486,4,thank,treatment,2,0.8471943249236796,0.8304802492307982,0.9911435362445477
7e876183-c6fa-4de5-b0b3-4e06019dc486,5,condolence,treatment,2,0.8484984791636514,0.8484984791636514,1.0
7e876183-c6fa-4de5-b0b3-4e06019dc486,0,letter,control,1,0.8234665372645253,,
7e876183-c6fa-4de5-b0b3-4e06019dc486,1,speech,control,1,0.8234665372645253,,
87c461ed-6bbd-4205-b25a-1d517a9a16e5,2,reassurance,treatment,2,0.6892463410699606,0.6876809292009238,0.9932413255113419
87c461ed-6bbd-4205-b25a-1d517a9a16e5,3,condolence,treatment,2,0.846616865618093,0.8397893644592155,0.9761293472601238
87c461ed-6bbd-4205-b25a-1d517a9a16e5,4,thank,treatment,2,0.7922639113696193,0.8075652202534546,0.9882361587684216
87c461ed-6bbd-4205-b25a-1d517a9a16e5,5,apology,treatment,2,0.8240042839955032,0.8131214603654573,0.9552763819542648
87c461ed-6bbd-4205-b25a-1d517a9a16e5,0,speech,control,1,0.7949505273626801,,
87c461ed-6bbd-4205-b25a-1d517a9a16e5,1,letter,control,1,0.7949505273626801,,
8891e9bd-553c-4445-8692-af9aa1df345b,2,thank,treatment,2,0.7962477405595728,0.7666424253996401,0.9896151771614796
8891e9bd-553c-4445-8692-af9aa1df345b,3,speech,treatment,2,0.8132180314646219,0.7925935835356782,0.9932500460063333
8891e9bd-553c-4445-8692-af9aa1df345b,4,apology,treatment,2,0.8007004802738273,0.7041599483042427,0.950528902935889
8891e9bd-553c-4445-8692-af9aa1df345b,5,letter,treatment,2,0.80912474514691,0.7825972384512823,0.9856261059545444
8891e9bd-553c-4445-8692-af9aa1df345b,0,condolence,control,1,0.8313309892891431,,
8891e9bd-553c-4445-8692-af9aa1df345b,1,reassurance,control,1,0.8313309892891431,,
8ae99e0d-dea4-4a4b-accb-1145d983f09a,2,thank,treatment,2,0.7283792715462116,0.6567634930371278,0.9697100012960135
8ae99e0d-dea4-4a4b-accb-1145d983f09a,3,speech,treatment,2,0.6370746852997334,0.6192646943678689,0.9936103526641425
8ae99e0d-dea4-4a4b-accb-1145d983f09a,4,letter,treatment,2,0.6847326655119776,0.6246769588684039,0.975734338535071
8ae99e0d-dea4-4a4b-accb-1145d983f09a,5,apology,treatment,2,0.734966235362312,0.6332117282203682,0.9593926380844617
8ae99e0d-dea4-4a4b-accb-1145d983f09a,0,wedding,control,1,0.8817120868952207,,
8ae99e0d-dea4-4a4b-accb-1145d983f09a,1,condolence,control,1,0.8817120868952207,,
8ba8d7da-bbcf-44c8-8887-d6b083446deb,0,thank,treatment,2,0.7662703897900652,0.7115416911480484,0.9706857446401671
8ba8d7da-bbcf-44c8-8887-d6b083446deb,1,apology,treatment,2,0.762662742931777,0.7572867120929841,0.9906394837832689
8ba8d7da-bbcf-44c8-8887-d6b083446deb,2,speech,treatment,2,0.6672173976246524,0.6709513420263742,0.9709539151570451
8ba8d7da-bbcf-44c8-8887-d6b083446deb,3,condolence,treatment,2,0.7528347807323148,0.7543988522775473,0.998317104707779
8ba8d7da-bbcf-44c8-8887-d6b083446deb,4,letter,control,1,0.8728552269245687,,
8ba8d7da-bbcf-44c8-8887-d6b083446deb,5,reassurance,control,1,0.8728552269245687,,
8c1d839b-8bda-45bf-a466-1ecd1270be13,0,letter,treatment,2,0.7874592979011913,0.7167188149004856,0.8969681661430995
8c1d839b-8bda-45bf-a466-1ecd1270be13,1,speech,treatment,2,0.7222263380342502,0.7013002555501378,0.9258384064515617
8c1d839b-8bda-45bf-a466-1ecd1270be13,2,reassurance,treatment,2,0.697513386436654,0.6805884061659382,0.975605428447338
8c1d839b-8bda-45bf-a466-1ecd1270be13,3,thank,treatment,2,0.780529995052574,0.7309558595250019,0.9319581755055633
8c1d839b-8bda-45bf-a466-1ecd1270be13,4,wedding,control,1,0.8268636111063384,,
8c1d839b-8bda-45bf-a466-1ecd1270be13,5,apology,control,1,0.8268636111063384,,
93919296-449e-4498-9198-8f21282f387e,2,thank,treatment,2,0.6529203893852397,0.6529203893852397,0.9999999999999998
93919296-449e-4498-9198-8f21282f387e,3,reassurance,treatment,2,0.7116271637445503,0.7050388208144905,0.9984175446693669
93919296-449e-4498-9198-8f21282f387e,4,speech,treatment,2,0.7420770015684715,0.7420770015684715,1.0
93919296-449e-4498-9198-8f21282f387e,5,apology,treatment,2,0.7253459480278465,0.717499673798515,0.9972146748113396
93919296-449e-4498-9198-8f21282f387e,0,eulogy,control,1,0.8917233721072184,,
93919296-449e-4498-9198-8f21282f387e,1,condolence,control,1,0.8917233721072184,,
93d4e6ef-1df0-4690-a934-51f2ff067a1f,0,reassurance,treatment,2,0.7650154777650806,0.7511954263611739,0.99681670162793
93d4e6ef-1df0-4690-a934-51f2ff067a1f,1,condolence,treatment,2,0.8237545936075475,0.8237545936075475,1.0
93d4e6ef-1df0-4690-a934-51f2ff067a1f,2,apology,treatment,2,0.7475003765122352,0.7475003765122352,1.0
93d4e6ef-1df0-4690-a934-51f2ff067a1f,3,thank,treatment,2,0.7785689827904809,0.7785689827904809,1.0
93d4e6ef-1df0-4690-a934-51f2ff067a1f,4,letter,control,1,0.8816173584776641,,
93d4e6ef-1df0-4690-a934-51f2ff067a1f,5,wedding,control,1,0.8816173584776641,,
946ad540-3b18-4f52-96e9-9134d4ec9878,0,letter,treatment,2,0.7948610345064996,0.7827713700683374,0.8854518185668013
946ad540-3b18-4f52-96e9-9134d4ec9878,1,apology,treatment,2,0.8388742863281461,0.8150721040886018,0.9587439621651795
946ad540-3b18-4f52-96e9-9134d4ec9878,2,speech,treatment,2,0.8461788408933264,0.8406455250634837,0.9967406484423809
946ad540-3b18-4f52-96e9-9134d4ec9878,3,condolence,treatment,2,0.8340234357348644,0.8003974312422946,0.9594399524111162
946ad540-3b18-4f52-96e9-9134d4ec9878,4,thank,control,1,0.8726100945770993,,
946ad540-3b18-4f52-96e9-9134d4ec9878,5,reassurance,control,1,0.8726100945770993,,
9473c36d-e078-4a5b-a106-a4de719f1c1b,0,thank,treatment,2,0.8395333862612376,0.8198949576786552,0.9737335571190076
9473c36d-e078-4a5b-a106-a4de719f1c1b,1,apology,treatment,2,0.7768631140262218,0.778188434892119,0.9957349929294294
9473c36d-e078-4a5b-a106-a4de719f1c1b,2,reassurance,treatment,2,0.775362409250969,0.7752846162773461,0.9999690316152228
9473c36d-e078-4a5b-a106-a4de719f1c1b,3,wedding,treatment,2,0.7838569792143656,0.7838569792143656,1.0
9473c36d-e078-4a5b-a106-a4de719f1c1b,4,speech,control,1,0.8651921592491084,,
9473c36d-e078-4a5b-a106-a4de719f1c1b,5,letter,control,1,0.8651921592491084,,
95648190-a022-43f7-a299-7d7c22e55289,2,letter,treatment,2,0.818905336019732,0.7516106217558773,0.927426114362174
95648190-a022-43f7-a299-7d7c22e55289,3,apology,treatment,2,0.8334165816683635,0.806775961960616,0.925248566020507
95648190-a022-43f7-a299-7d7c22e55289,4,eulogy,treatment,2,0.8316582129406324,0.7512137870157889,0.867173400684852
95648190-a022-43f7-a299-7d7c22e55289,5,wedding,treatment,2,0.7764979411830433,0.7622840509028328,0.9740609238109766
95648190-a022-43f7-a299-7d7c22e55289,0,speech,control,1,0.8123077329932391,,
95648190-a022-43f7-a299-7d7c22e55289,1,thank,control,1,0.8123077329932391,,
99d7de62-94ed-4cc5-99bf-dbb5974df705,2,letter,treatment,2,0.897390818090849,0.8847073994082547,0.9167451907391776
99d7de62-94ed-4cc5-99bf-dbb5974df705,3,thank,treatment,2,0.9129483118699355,0.8835721948992359,0.9442756187273122
99d7de62-94ed-4cc5-99bf-dbb5974df705,4,wedding,treatment,2,0.8924336192371733,0.8294013728256036,0.8737014361621231
99d7de62-94ed-4cc5-99bf-dbb5974df705,5,speech,treatment,2,0.9002700382410789,0.9069416717179986,0.9082538544079225
99d7de62-94ed-4cc5-99bf-dbb5974df705,0,condolence,control,1,0.9052238665494571,,
99d7de62-94ed-4cc5-99bf-dbb5974df705,1,apology,control,1,0.9052238665494571,,
9c117e71-7c5a-42b2-8767-9a3cbedc17d9,2,thank,treatment,2,0.8382273718873281,0.8458751801671405,0.987808149350647
9c117e71-7c5a-42b2-8767-9a3cbedc17d9,3,condolence,treatment,2,0.8706825854558293,0.8701656340617479,0.9872441118180015
9c117e71-7c5a-42b2-8767-9a3cbedc17d9,4,letter,treatment,2,0.8005865467568142,0.7960005842824102,0.995505526695416
9c117e71-7c5a-42b2-8767-9a3cbedc17d9,5,speech,treatment,2,0.7355762560768508,0.7409790988605304,0.9901965338689129
9c117e71-7c5a-42b2-8767-9a3cbedc17d9,0,reassurance,control,1,0.8645293712736235,,
9c117e71-7c5a-42b2-8767-9a3cbedc17d9,1,apology,control,1,0.8645293712736235,,
9d164220-c497-48ff-8497-55c050213e55,2,reassurance,treatment,2,0.6958396910790368,0.6906715288178689,0.9963682150842369
9d164220-c497-48ff-8497-55c050213e55,3,thank,treatment,2,0.6488652524612382,0.6290832362479558,0.9966308447578119
9d164220-c497-48ff-8497-55c050213e55,4,apology,treatment,2,0.6925398066417816,0.677174339273965,0.9936131067401972
9d164220-c497-48ff-8497-55c050213e55,5,condolence,treatment,2,0.7282303752615747,0.6993589006272919,0.9943911110493665
9d164220-c497-48ff-8497-55c050213e55,0,speech,control,1,0.8745986041772109,,
9d164220-c497-48ff-8497-55c050213e55,1,letter,control,1,0.8745986041772109,,
a03e9b46-d5c1-401e-ba35-3746d2880c76,2,reassurance,treatment,2,0.8227279910705474,0.808978195757284,0.9772176780619688
a03e9b46-d5c1-401e-ba35-3746d2880c76,3,apology,treatment,2,0.8071973048587595,0.7796851357457448,0.9725898999017353
a03e9b46-d5c1-401e-ba35-3746d2880c76,4,speech,treatment,2,0.7439811123276103,0.7556785618878699,0.9731270093407374
a03e9b46-d5c1-401e-ba35-3746d2880c76,5,thank,treatment,2,0.8149889621671652,0.7906525510409487,0.9898305213289679
a03e9b46-d5c1-401e-ba35-3746d2880c76,0,letter,control,1,0.8527316604800693,,
a03e9b46-d5c1-401e-ba35-3746d2880c76,1,condolence,control,1,0.8527316604800693,,
a1a47852-cad9-495d-a871-6797dc780d4f,2,thank,treatment,2,0.843713206476549,0.7908525343032639,0.9731563664405173
a1a47852-cad9-495d-a871-6797dc780d4f,3,speech,treatment,2,0.821593447429927,0.8209004812696046,0.9959181556496484
a1a47852-cad9-495d-a871-6797dc780d4f,4,condolence,treatment,2,0.8613650272467288,0.8232702604787456,0.958986092279887
a1a47852-cad9-495d-a871-6797dc780d4f,5,letter,treatment,2,0.7640494524022026,0.7633648319348771,0.9952547475386601
a1a47852-cad9-495d-a871-6797dc780d4f,0,apology,control,1,0.8630405406022083,,
a1a47852-cad9-495d-a871-6797dc780d4f,1,wedding,control,1,0.8630405406022083,,
a65fbf73-ac73-4c89-8477-fe2768a27dd5,2,reassurance,treatment,2,0.7269458054517953,0.7215389516336638,0.9981798091920612
a65fbf73-ac73-4c89-8477-fe2768a27dd5,3,eulogy,treatment,2,0.7030399365307642,0.706729698810609,0.9996856425162768
a65fbf73-ac73-4c89-8477-fe2768a27dd5,4,speech,treatment,2,0.7447977901124536,0.7447977901124536,1.0
a65fbf73-ac73-4c89-8477-fe2768a27dd5,5,thank,treatment,2,0.6934204180239347,0.6934204180239347,1.0
a65fbf73-ac73-4c89-8477-fe2768a27dd5,0,letter,control,1,0.8244520065906882,,
a65fbf73-ac73-4c89-8477-fe2768a27dd5,1,wedding,control,1,0.8244520065906882,,
a66edf01-fecd-4939-a982-b7c6684d7a29,0,wedding,treatment,2,0.8442337897696186,0.8381654071246908,0.9930581211538837
a66edf01-fecd-4939-a982-b7c6684d7a29,1,condolence,treatment,2,0.8188651940785427,0.798330608468707,0.9485041180272265
a66edf01-fecd-4939-a982-b7c6684d7a29,2,apology,treatment,2,0.7975304882597887,0.7975304882597887,0.9999999999999999
a66edf01-fecd-4939-a982-b7c6684d7a29,3,thank,treatment,2,0.7462357156988247,0.7462357156988247,1.0
a66edf01-fecd-4939-a982-b7c6684d7a29,4,letter,control,1,0.8313279780069924,,
a66edf01-fecd-4939-a982-b7c6684d7a29,5,speech,control,1,0.8313279780069924,,
ad73f9f4-5813-4fcc-b875-4ccc998f95b7,2,thank,treatment,2,0.789856120945165,0.7588523366009716,0.9892595497052794
ad73f9f4-5813-4fcc-b875-4ccc998f95b7,3,letter,treatment,2,0.756727794716897,0.756727794716897,1.0
ad73f9f4-5813-4fcc-b875-4ccc998f95b7,4,apology,treatment,2,0.8124355982880741,0.8124355982880741,1.0
ad73f9f4-5813-4fcc-b875-4ccc998f95b7,5,reassurance,treatment,2,0.7580836174863609,0.7581383702242713,0.9886335682989622
ad73f9f4-5813-4fcc-b875-4ccc998f95b7,0,wedding,control,1,0.8965825357956808,,
ad73f9f4-5813-4fcc-b875-4ccc998f95b7,1,speech,control,1,0.8965825357956808,,
b417dba7-2b67-4496-b985-fc67c15aa748,0,reassurance,treatment,2,0.815039602911742,0.7738029576036778,0.9330945948483215
b417dba7-2b67-4496-b985-fc67c15aa748,1,letter,treatment,2,0.7677206517530604,0.7519786500776517,0.9828419999397785
b417dba7-2b67-4496-b985-fc67c15aa748,2,thank,treatment,2,0.8462569061203454,0.8199184153199502,0.9846469470467062
b417dba7-2b67-4496-b985-fc67c15aa748,3,condolence,treatment,2,0.8460017723504006,0.8446994219465175,0.9926808772475653
b417dba7-2b67-4496-b985-fc67c15aa748,4,apology,control,1,0.8123371776385959,,
b417dba7-2b67-4496-b985-fc67c15aa748,5,eulogy,control,1,0.8123371776385959,,
bcf3699f-b36e-4652-a117-7e1de296c0f3,0,apology,treatment,2,0.796192304064071,0.7640664278077758,0.9755082989417112
bcf3699f-b36e-4652-a117-7e1de296c0f3,1,thank,treatment,2,0.8006819912377027,0.7645911817098646,0.9857872160941242
bcf3699f-b36e-4652-a117-7e1de296c0f3,2,letter,treatment,2,0.7704856410654389,0.7525680784517674,0.9728689930792158
bcf3699f-b36e-4652-a117-7e1de296c0f3,3,reassurance,treatment,2,0.7909117544484353,0.7826288854662433,0.9971298043381802
bcf3699f-b36e-4652-a117-7e1de296c0f3,4,condolence,control,1,0.9014434238160844,,
bcf3699f-b36e-4652-a117-7e1de296c0f3,5,speech,control,1,0.9014434238160844,,
c457e22c-d7ad-4ba6-a5eb-457b445a6415,2,condolence,treatment,2,0.8068839137708682,0.7991839421866554,0.9674429065686749
c457e22c-d7ad-4ba6-a5eb-457b445a6415,3,letter,treatment,2,0.7753724881882876,0.7800232842839617,0.9876985045725523
c457e22c-d7ad-4ba6-a5eb-457b445a6415,4,eulogy,treatment,2,0.7337284356883009,0.6726262966522263,0.9524357630948139
c457e22c-d7ad-4ba6-a5eb-457b445a6415,5,apology,treatment,2,0.8834869669221116,0.8403040313434246,0.9100989536276913
c457e22c-d7ad-4ba6-a5eb-457b445a6415,0,thank,control,1,0.8470167601216619,,
c457e22c-d7ad-4ba6-a5eb-457b445a6415,1,reassurance,control,1,0.8470167601216619,,
c558e2d5-8448-41bb-9b4d-279a0ac50263,2,thank,treatment,2,0.8143428273558693,0.7859992990140751,0.9692066487383535
c558e2d5-8448-41bb-9b4d-279a0ac50263,3,condolence,treatment,2,0.8221746412227632,0.7992833427619163,0.9662927025254927
c558e2d5-8448-41bb-9b4d-279a0ac50263,4,apology,treatment,2,0.8093121246013026,0.7798688339752861,0.9622106507050702
c558e2d5-8448-41bb-9b4d-279a0ac50263,5,reassurance,treatment,2,0.7645899189855266,0.7802160859985988,0.9723666846551002
c558e2d5-8448-41bb-9b4d-279a0ac50263,0,letter,control,1,0.8637015114000977,,
c558e2d5-8448-41bb-9b4d-279a0ac50263,1,speech,control,1,0.8637015114000977,,
c649bdf1-c479-449c-91bb-eb0986daa185,0,thank,treatment,2,0.8418522623349989,0.8358096861787888,0.9881821184257277
c649bdf1-c479-449c-91bb-eb0986daa185,1,condolence,treatment,2,0.885397936468842,0.8358595550303042,0.947430297852041
c649bdf1-c479-449c-91bb-eb0986daa185,2,wedding,treatment,2,0.8329547161100418,0.7964393507941172,0.9802284728650913
c649bdf1-c479-449c-91bb-eb0986daa185,3,apology,treatment,2,0.8951057824346906,0.8820292078495653,0.9842944151143836
c649bdf1-c479-449c-91bb-eb0986daa185,4,speech,control,1,0.8970339103004897,,
c649bdf1-c479-449c-91bb-eb0986daa185,5,eulogy,control,1,0.8970339103004897,,
c95c8274-9889-4d96-b769-5af9729da064,2,apology,treatment,2,0.8470275268061362,0.8063668115273774,0.9250290982999121
c95c8274-9889-4d96-b769-5af9729da064,3,letter,treatment,2,0.7430631622121829,0.7209772236607987,0.9672787772110061
c95c8274-9889-4d96-b769-5af9729da064,4,thank,treatment,2,0.8387524870546749,0.7981831701887888,0.9629779395439099
c95c8274-9889-4d96-b769-5af9729da064,5,speech,treatment,2,0.8226920490623216,0.7741129571139439,0.9818410906273021
c95c8274-9889-4d96-b769-5af9729da064,0,condolence,control,1,0.8734117152860009,,
c95c8274-9889-4d96-b769-5af9729da064,1,wedding,control,1,0.8734117152860009,,
c9afe4ed-b46e-4919-a89b-9c3639640775,2,apology,treatment,2,0.8661896412885426,0.8652565062392747,0.9991577440221611
c9afe4ed-b46e-4919-a89b-9c3639640775,3,thank,treatment,2,0.8648280224699365,0.8604707953783601,0.9903515320839692
c9afe4ed-b46e-4919-a89b-9c3639640775,4,letter,treatment,2,0.7751623418981919,0.7512075313717286,0.9349498774037303
c9afe4ed-b46e-4919-a89b-9c3639640775,5,speech,treatment,2,0.8059551832048677,0.8059551832048677,1.0
c9afe4ed-b46e-4919-a89b-9c3639640775,0,reassurance,control,1,0.8777833441581402,,
c9afe4ed-b46e-4919-a89b-9c3639640775,1,condolence,control,1,0.8777833441581402,,
cb6b9158-75df-42e4-92ac-d2e2d03e66a7,0,speech,treatment,2,0.7696969805314845,0.7696969805314845,0.9999999999999999
cb6b9158-75df-42e4-92ac-d2e2d03e66a7,1,reassurance,treatment,2,0.8181556871225804,0.818441438017753,0.999721331741177
cb6b9158-75df-42e4-92ac-d2e2d03e66a7,2,wedding,treatment,2,0.7930142068670728,0.7930142068670728,1.0
cb6b9158-75df-42e4-92ac-d2e2d03e66a7,3,apology,treatment,2,0.8367387171143688,0.8248827131295069,0.9952210867279225
cb6b9158-75df-42e4-92ac-d2e2d03e66a7,4,letter,control,1,0.8625182514509948,,
cb6b9158-75df-42e4-92ac-d2e2d03e66a7,5,thank,control,1,0.8625182514509948,,
d1850bd6-2dc4-4a79-9b27-da09d1ccb338,2,letter,treatment,2,0.75253402655769,0.715350657668306,0.956112379973701
d1850bd6-2dc4-4a79-9b27-da09d1ccb338,3,thank,treatment,2,0.8847760007060953,0.8429212804324279,0.9715126674219317
d1850bd6-2dc4-4a79-9b27-da09d1ccb338,4,wedding,treatment,2,0.854543053047588,0.8205054772308609,0.9731200982033341
d1850bd6-2dc4-4a79-9b27-da09d1ccb338,5,apology,treatment,2,0.860840796045646,0.8322316829124812,0.9671405565010972
d1850bd6-2dc4-4a79-9b27-da09d1ccb338,0,speech,control,1,0.9225304942688451,,
d1850bd6-2dc4-4a79-9b27-da09d1ccb338,1,condolence,control,1,0.9225304942688451,,
d1df814b-04d7-45ef-afa9-19333672b460,2,wedding,treatment,2,0.6960452587361752,0.6986050104472855,0.9991601007417064
d1df814b-04d7-45ef-afa9-19333672b460,3,speech,treatment,2,0.694569348634181,0.694569348634181,1.0
d1df814b-04d7-45ef-afa9-19333672b460,4,reassurance,treatment,2,0.5970143104210038,0.5970143104210038,1.0000000000000002
d1df814b-04d7-45ef-afa9-19333672b460,5,letter,treatment,2,0.6989867676945746,0.7024280783313455,0.9925448529650864
d1df814b-04d7-45ef-afa9-19333672b460,0,apology,control,1,0.8542857366998868,,
d1df814b-04d7-45ef-afa9-19333672b460,1,thank,control,1,0.8542857366998868,,
df299e8f-5085-44ff-95c9-6de38dbb72a4,2,letter,treatment,2,0.7412855164619475,0.736115834008656,0.9982922207541297
df299e8f-5085-44ff-95c9-6de38dbb72a4,3,thank,treatment,2,0.7761514336284067,0.7189419478550451,0.9784258121641112
df299e8f-5085-44ff-95c9-6de38dbb72a4,4,wedding,treatment,2,0.8199267574380976,0.7818453319118891,0.9820516657966473
df299e8f-5085-44ff-95c9-6de38dbb72a4,5,condolence,treatment,2,0.7458629536951448,0.7458629536951448,0.9999999999999999
df299e8f-5085-44ff-95c9-6de38dbb72a4,0,speech,control,1,0.8563693729490611,,
df299e8f-5085-44ff-95c9-6de38dbb72a4,1,apology,control,1,0.8563693729490611,,
e04e957f-4182-4050-8a59-10c546f3c4be,2,eulogy,treatment,2,0.8001762558553029,0.7716228559134092,0.9210303218162306
e04e957f-4182-4050-8a59-10c546f3c4be,3,letter,treatment,2,0.7765822511786943,0.7967718058703127,0.9734854522423353
e04e957f-4182-4050-8a59-10c546f3c4be,4,reassurance,treatment,2,0.8036527250955349,0.7062649910911426,0.9398812983223773
e04e957f-4182-4050-8a59-10c546f3c4be,5,speech,treatment,2,0.7969935440717879,0.8142871289491722,0.9767971307618522
e04e957f-4182-4050-8a59-10c546f3c4be,0,thank,control,1,0.8674482837126704,,
e04e957f-4182-4050-8a59-10c546f3c4be,1,apology,control,1,0.8674482837126704,,
e181c353-09f4-402b-b7e5-c62f87df85f5,2,speech,treatment,2,0.78117469134808,0.7595648315109232,0.9943960608038418
e181c353-09f4-402b-b7e5-c62f87df85f5,3,thank,treatment,2,0.7568116141763671,0.7242133736562809,0.9818962392375412
e181c353-09f4-402b-b7e5-c62f87df85f5,4,letter,treatment,2,0.7731547877219446,0.7692256586613719,0.9690240088484657
e181c353-09f4-402b-b7e5-c62f87df85f5,5,condolence,treatment,2,0.821246746956518,0.7918492677468096,0.9771460054487988
e181c353-09f4-402b-b7e5-c62f87df85f5,0,apology,control,1,0.8191558816543129,,
e181c353-09f4-402b-b7e5-c62f87df85f5,1,reassurance,control,1,0.8191558816543129,,
e796692a-297a-495e-a059-f32263c2c073,0,apology,treatment,2,0.7990618666965994,0.7388104933471208,0.9220424698346954
e796692a-297a-495e-a059-f32263c2c073,1,thank,treatment,2,0.7569409789316695,0.6923358090414807,0.9774593530219029
e796692a-297a-495e-a059-f32263c2c073,2,speech,treatment,2,0.7220504796804673,0.6879375203342167,0.9587135630712895
e796692a-297a-495e-a059-f32263c2c073,3,reassurance,treatment,2,0.7351960404527447,0.7202072944115914,0.9711020919345227
e796692a-297a-495e-a059-f32263c2c073,4,eulogy,control,1,0.8338008378672466,,
e796692a-297a-495e-a059-f32263c2c073,5,letter,control,1,0.8338008378672466,,
e914a063-af74-4e82-9fae-a27aa34cf284,2,speech,treatment,2,0.8295464353576085,0.8295464353576085,1.0
e914a063-af74-4e82-9fae-a27aa34cf284,3,apology,treatment,2,0.8134133836809102,0.8134133836809102,1.0
e914a063-af74-4e82-9fae-a27aa34cf284,4,letter,treatment,2,0.7510736762493238,0.7510736762493238,1.0
e914a063-af74-4e82-9fae-a27aa34cf284,5,thank,treatment,2,0.8542550893498375,0.8542550893498375,1.0
e914a063-af74-4e82-9fae-a27aa34cf284,0,condolence,control,1,0.8768828433005049,,
e914a063-af74-4e82-9fae-a27aa34cf284,1,reassurance,control,1,0.8768828433005049,,
e9c4bc43-6f2f-4b3f-8ab0-f20947fd04f9,2,wedding,treatment,2,0.865918813105186,0.8181418342564805,0.9698474781856933
e9c4bc43-6f2f-4b3f-8ab0-f20947fd04f9,3,thank,treatment,2,0.7777725769465781,0.7736375838902717,0.9993867833708747
e9c4bc43-6f2f-4b3f-8ab0-f20947fd04f9,4,reassurance,treatment,2,0.7812845135107727,0.746315367865609,0.9797259632146672
e9c4bc43-6f2f-4b3f-8ab0-f20947fd04f9,5,letter,treatment,2,0.8058140187796387,0.7119426302204138,0.893139835004588
e9c4bc43-6f2f-4b3f-8ab0-f20947fd04f9,0,condolence,control,1,0.8884971929865041,,
e9c4bc43-6f2f-4b3f-8ab0-f20947fd04f9,1,apology,control,1,0.8884971929865041,,
ec874e47-e1e7-400a-b8c2-057063b54e63,2,speech,treatment,2,0.8154466653919206,0.8154466653919206,0.9999999999999999
ec874e47-e1e7-400a-b8c2-057063b54e63,3,letter,treatment,2,0.7693984156641117,0.76757094469756,0.9976276407202108
ec874e47-e1e7-400a-b8c2-057063b54e63,4,apology,treatment,2,0.8309937366558527,0.8309937366558527,0.9999999999999999
ec874e47-e1e7-400a-b8c2-057063b54e63,5,reassurance,treatment,2,0.8233661826909701,0.804471862760273,0.9097647061867874
ec874e47-e1e7-400a-b8c2-057063b54e63,0,condolence,control,1,0.81886848850261,,
ec874e47-e1e7-400a-b8c2-057063b54e63,1,thank,control,1,0.81886848850261,,
edb2f8e7-ab70-4257-8246-bf4352832807,0,condolence,treatment,2,0.7401917986048118,0.7173879923743551,0.9440068628904364
edb2f8e7-ab70-4257-8246-bf4352832807,1,letter,treatment,2,0.6971840413614447,0.6239897378803124,0.9656905057528672
edb2f8e7-ab70-4257-8246-bf4352832807,2,eulogy,treatment,2,0.6600341164283371,0.6170668593208766,0.9014119377288233
edb2f8e7-ab70-4257-8246-bf4352832807,3,speech,treatment,2,0.6721744287479144,0.662919938703244,0.9882052982231131
edb2f8e7-ab70-4257-8246-bf4352832807,4,apology,control,1,0.8236066612109101,,
edb2f8e7-ab70-4257-8246-bf4352832807,5,thank,control,1,0.8236066612109101,,
f34cb204-36d3-4051-9ae0-0969882d1cda,2,letter,treatment,2,0.7008292315677782,0.7008292315677782,1.0
f34cb204-36d3-4051-9ae0-0969882d1cda,3,condolence,treatment,2,0.6114059452221604,0.6037063958837701,0.9866799971956792
f34cb204-36d3-4051-9ae0-0969882d1cda,4,apology,treatment,2,0.6142945256933046,0.6142945256933046,0.9999999999999999
f34cb204-36d3-4051-9ae0-0969882d1cda,5,speech,treatment,2,0.692344722286695,0.692344722286695,1.0
f34cb204-36d3-4051-9ae0-0969882d1cda,0,thank,control,1,0.8460765578001526,,
f34cb204-36d3-4051-9ae0-0969882d1cda,1,wedding,control,1,0.8460765578001526,,
f35a5d38-18e0-4c01-8a53-13fc23a63680,2,letter,treatment,2,0.789090014663043,0.7494987078382184,0.9832109891252837
f35a5d38-18e0-4c01-8a53-13fc23a63680,3,reassurance,treatment,2,0.7744925927207541,0.7532852744663755,0.9922057732618973
f35a5d38-18e0-4c01-8a53-13fc23a63680,4,speech,treatment,2,0.7815252658500618,0.7459071150219126,0.9755162939107573
f35a5d38-18e0-4c01-8a53-13fc23a63680,5,thank,treatment,2,0.7997093310137056,0.7699484458442568,0.9907435607557824
f35a5d38-18e0-4c01-8a53-13fc23a63680,0,apology,control,1,0.885803976887576,,
f35a5d38-18e0-4c01-8a53-13fc23a63680,1,wedding,control,1,0.885803976887576,,
f5d09877-f461-4169-a291-79c17218071d,2,wedding,treatment,2,0.7334132063388067,0.7518076916525325,0.9805613267701403
f5d09877-f461-4169-a291-79c17218071d,3,apology,treatment,2,0.7703553434007181,0.7628674601328829,0.9967468582122901
f5d09877-f461-4169-a291-79c17218071d,4,eulogy,treatment,2,0.7368496947288031,0.7348211121092776,0.9991207572500083
f5d09877-f461-4169-a291-79c17218071d,5,letter,treatment,2,0.7721774686177574,0.7694452326226981,0.9961806333857351
f5d09877-f461-4169-a291-79c17218071d,0,thank,control,1,0.8857099309631995,,
f5d09877-f461-4169-a291-79c17218071d,1,speech,control,1,0.8857099309631995,,
f7e55f3c-94b2-4e45-b8c2-e0ef967715ae,0,apology,treatment,2,0.8064103626710452,0.8067502123165904,0.9813168942083585
f7e55f3c-94b2-4e45-b8c2-e0ef967715ae,1,letter,treatment,2,0.7736449353460116,0.7780319948766357,0.9927108694412944
f7e55f3c-94b2-4e45-b8c2-e0ef967715ae,2,speech,treatment,2,0.8122437881423425,0.8266595262554628,0.9864652136654662
f7e55f3c-94b2-4e45-b8c2-e0ef967715ae,3,condolence,treatment,2,0.8528855299610199,0.8278851222277791,0.9719629696329248
f7e55f3c-94b2-4e45-b8c2-e0ef967715ae,4,thank,control,1,0.7718323159272263,,
f7e55f3c-94b2-4e45-b8c2-e0ef967715ae,5,eulogy,control,1,0.7718323159272263,,
fd93ee7a-8e03-4ead-8a80-9847e589e01e,0,condolence,treatment,2,0.8322073954072223,0.7979583221549227,0.9904334144372
fd93ee7a-8e03-4ead-8a80-9847e589e01e,1,thank,treatment,2,0.7913382831632252,0.7592135368261189,0.9941393288350036
fd93ee7a-8e03-4ead-8a80-9847e589e01e,2,letter,treatment,2,0.7712863192731438,0.7439280439058439,0.9868431031989204
fd93ee7a-8e03-4ead-8a80-9847e589e01e,3,speech,treatment,2,0.7869712284531187,0.7719305593060661,0.9983481553155603
fd93ee7a-8e03-4ead-8a80-9847e589e01e,4,apology,control,1,0.8637180361957351,,
fd93ee7a-8e03-4ead-8a80-9847e589e01e,5,wedding,control,1,0.8637180361957351,,
fe48cc42-b6f0-41a3-b2a0-0c3a1d733997,0,wedding,treatment,2,0.7534436205089622,0.7737022176957242,0.9627577676437475
fe48cc42-b6f0-41a3-b2a0-0c3a1d733997,1,apology,treatment,2,0.7686577843995974,0.7704406968347031,0.9931758261309676
fe48cc42-b6f0-41a3-b2a0-0c3a1d733997,2,speech,treatment,2,0.7831745967529605,0.7831745967529605,0.9999999999999999
fe48cc42-b6f0-41a3-b2a0-0c3a1d733997,3,thank,treatment,2,0.7850457371277616,0.7850457371277616,1.0000000000000002
fe48cc42-b6f0-41a3-b2a0-0c3a1d733997,4,reassurance,control,1,0.8667155427505119,,
fe48cc42-b6f0-41a3-b2a0-0c3a1d733997,5,condolence,control,1,0.8667155427505119,,
